/,/types
/types/prostate/psa-fact-sheet,/about-cancer/causes-prevention/genetics/brca-fact-sheet
/types/skin/moles-fact-sheet,/espanol/cancer/que-es
/about-cancer/treatment/cam/patient/cannabis-pdq,/about-cancer/what-is-cancer
/about-cancer/treatment/cam/hp/cannabis-pdq,/about-cancer/what-is-cancer/metastatic-fact-sheet
/espanol/tipos/prostata/hoja-informativa-psa,/widgets/termdictionarywidgetenglish
/types/breast,/about-cancer/treatment/drugs
/espanol/tipos,/about-cancer/causes-prevention/risk/radiation/cell-phones-fact-sheet
/about-cancer/causes-prevention/risk/infectious-agents/hpv-fact-sheet,/about-cancer/treatment/types/radiation-therapy/radiation-fact-sheet
/about-cancer/diagnosis-staging/staging/staging-fact-sheet,/types/leukemia/patient/adult-aml-treatment-pdq
/espanol/cancer/causas-prevencion/riesgo/germenes-infecciosos/hoja-informativa-vph,/types/leukemia
/types/lymphoma,/types/breast/patient/breast-treatment-pdq
/types/breast/ibc-fact-sheet,/about-cancer/advanced-cancer/care-choices/care-fact-sheet
/about-cancer/treatment/clinical-trials,/types/breast/paget-breast-fact-sheet
/about-cancer/diagnosis-staging/diagnosis/tumor-markers-fact-sheet,/about-cancer/what-is-cancer/statistics
/types/prostate,/about-cancer/causes-prevention/risk/substances/asbestos/asbestos-fact-sheet
/types/common-cancers,/espanol/tipos/piel/hoja-informativa-lunares
/espanol,/types/colorectal
/about-cancer/causes-prevention/risk/tobacco/cessation-fact-sheet,/about-cancer/diagnosis-staging/prognosis/tumor-grade-fact-sheet
/types/cervical/patient/cervical-treatment-pdq,/types/colorectal/patient/colon-treatment-pdq
/about-cancer,/types/leukemia/patient/cll-treatment-pdq
/types/lung/patient/non-small-cell-lung-treatment-pdq,/espanol/cancer/cancer-avanzado/opciones-de-cuidado/hoja-informativa-cuidado
/types/leukemia/patient/child-all-treatment-pdq,/types/breast/mammograms-fact-sheet
/about-cancer/treatment/cam/patient/vitamin-c-pdq,/espanol/cancer/causas-prevencion/riesgo/tabaco/hoja-informativa-abstinencia
/types/myeloproliferative/patient/myelodysplastic-treatment-pdq,/espanol/tipos/comunes
/types/prostate/patient/prostate-treatment-pdq,/types/lung
/types/breast/understanding-breast-changes,/types/bone/bone-fact-sheet
/about-cancer/causes-prevention/risk/infectious-agents/hpv-vaccine-fact-sheet,/types/head-and-neck/head-neck-fact-sheet
/types/lymphoma/patient/adult-nhl-treatment-pdq,/about-cancer/treatment/types
/about-cancer/causes-prevention/risk/myths/antiperspirants-fact-sheet,/types/skin/patient/melanoma-treatment-pdq
/espanol/tipos/seno,/about-cancer/advanced-cancer/caregivers/planning/last-days-hp-pdq
/espanol/tipos/leucemia/paciente/tratamiento-lma-adultos-pdq,/about-cancer/causes-prevention/risk/alcohol/alcohol-fact-sheet
/types/uterine,/types/lung/patient/small-cell-lung-treatment-pdq
/espanol/tipos/hueso/hoja-informativa-hueso,/about-cancer/treatment/types/targeted-therapies/targeted-therapies-fact-sheet
/about-cancer/advanced-cancer/care-choices/palliative-care-fact-sheet,/types/pancreatic/patient/pancreatic-treatment-pdq
/espanol/tipos/linfoma,/contact
/types/prostate/understanding-prostate-changes,/espanol/cancer/diagnostico-estadificacion/pronostico/hoja-informativa-grado-tumor
/espanol/tipos/estomago/paciente/tratamiento-estomago-pdq,/about-cancer/causes-prevention/risk/hormones/oral-contraceptives-fact-sheet
/about-cancer/causes-prevention/risk/diet/artificial-sweeteners-fact-sheet,/types/colorectal/screening-fact-sheet
/about-cancer/causes-prevention,/about-cancer/treatment/research/car-t-cells
/about-cancer/causes-prevention/risk/substances/formaldehyde/formaldehyde-fact-sheet,/espanol/tipos/pancreas/paciente/tratamiento-pancreas-pdq
/types/cervical/pap-hpv-testing-fact-sheet,/types/uterine/patient/endometrial-treatment-pdq
/espanol/tipos/higado/paciente/tratamiento-higado-adultos-pdq,/types/kidney/patient/kidney-treatment-pdq
/types/colorectal/patient/rectal-treatment-pdq,/espanol/tipos/seno/paciente/tratamiento-seno-pdq
/about-cancer/treatment/side-effects,/about-cancer/diagnosis-staging/staging/sentinel-node-biopsy-fact-sheet
/espanol/tipos/cabeza-cuello/hoja-informativa-cabeza-cuello,/types/leukemia/patient/cml-treatment-pdq
/about-cancer/treatment,/types/skin
/types/cervical/understanding-cervical-changes,/espanol/tipos/leucemia/paciente/tratamiento-lla-infantil-pdq
/types/lymphoma/patient/adult-hodgkin-treatment-pdq,/types/pancreatic
/research,/espanol/cancer/que-es/hoja-informativa-metastasico
/types/breast/breast-hormone-therapy-fact-sheet,/espanol/tipos/cuello-uterino/paciente/tratamiento-cuello-uterino-pdq
/espanol/tipos/seno/hoja-informativa-paget-seno,/espanol/cancer/cancer-avanzado/cuidadores/planificacion/etapa-final-pro-pdq
/about-cancer/causes-prevention/risk,/espanol/tipos/cerebro/paciente/tratamiento-cerebro-adultos-pdq
/types/brain,/types/head-and-neck/patient/metastatic-squamous-neck-treatment-pdq
/espanol/tipos/linfoma/paciente/tratamiento-hodgkin-adultos-pdq,/about-cancer/treatment/side-effects/lymphedema/lymphedema-pdq
/about-cancer/advanced-cancer/caregivers/planning/last-days-pdq,/about-cancer/diagnosis-staging/ct-scans-fact-sheet
/espanol/tipos/ovario/paciente/tratamiento-ovario-bajo-potencial-maligno-pdq,/espanol/cancer/causas-prevencion
/types/cervical,/types/skin/patient/skin-treatment-pdq
/about-cancer/screening,/about-cancer/causes-prevention/risk/tobacco/withdrawal-fact-sheet
/types/breast/risk-fact-sheet,/espanol/cancer/causas-prevencion/riesgo/tabaco/hoja-informativa-dejar-de-fumar
/types/prostate/hp/prostate-treatment-pdq,/types/bladder/patient/bladder-treatment-pdq
/types/head-and-neck/patient/paranasal-sinus-treatment-pdq,/about-cancer/causes-prevention/genetics/genetic-testing-fact-sheet
/types/thyroid/patient/thyroid-treatment-pdq,/espanol/tipos/linfoma/paciente/tratamiento-lnh-adultos-pdq
/espanol/cancer,/about-cancer/causes-prevention/risk/diet/antioxidants-fact-sheet
/research/nci-role/cancer-centers/find,/espanol/tipos/piel
/espanol/tipos/colorrectal/paciente/tratamiento-colorrectal-pdq,/about-cancer/causes-prevention/risk/tobacco/cigars-fact-sheet
/about-cancer/treatment/drugs/breast,/types/vulvar/patient/vulvar-treatment-pdq
/espanol/tipos/cabeza-cuello/paciente/tratamiento-laringe-pdq,/types/lung/hp/non-small-cell-lung-treatment-pdq
/types/bladder,/espanol/tipos/tiroides/paciente/tratamiento-tiroides-pdq
/about-cancer/causes-prevention/risk/diet/cooked-meats-fact-sheet,/types/colorectal/hp/colon-treatment-pdq
/espanol/tipos/ano/paciente/tratamiento-ano-pdq,/espanol/tipos/seno/paciente/prevencion-seno-pdq
/types/soft-tissue-sarcoma/patient/adult-soft-tissue-treatment-pdq,/espanol/tipos/intestino-delgado/paciente/tratamiento-intestino-delgado-pdq
/types/leukemia/patient/adult-all-treatment-pdq,/espanol/tipos/seno/paciente/tratamiento-seno-masculino-pdq
/types/soft-tissue-sarcoma/patient/rhabdomyosarcoma-treatment-pdq,/espanol/tipos/cuello-uterino/hoja-informativa-prueba-pap-vph
/about-cancer/diagnosis-staging/prognosis,/espanol/cancer/causas-prevencion/riesgo/mitos
/espanol/tipos/leucemia/paciente/tratamiento-lla-adultos-pdq,/espanol/cancer/tratamiento/efectos-secundarios/perdida-apetito/nutricion-pdq
/about-cancer/causes-prevention/risk/tobacco/smokeless-fact-sheet,/types/prostate/prostate-hormone-therapy-fact-sheet
/espanol/tipos/prostata/paciente/tratamiento-prostata-pdq,/about-cancer/treatment/side-effects/appetite-loss/nutrition-pdq
/about-cancer/causes-prevention/risk/radiation/magnetic-fields-fact-sheet,/espanol/cancer/cancer-avanzado/cuidadores/planificacion/etapa-final-pdq
/types/head-and-neck,/espanol/tipos/seno/hoja-informativa-seno-inflamatorio
/research/nci-role/cancer-centers,/about-cancer/treatment/drugs/leukemia
/about-cancer/treatment/drugs/nivolumab,/types/pancreatic/patient/pnet-treatment-pdq
/about-cancer/screening/screening-tests,/about-cancer/causes-prevention/risk/obesity/obesity-fact-sheet
/types/childhood-cancers/patient/unusual-cancers-childhood-pdq,/types/esophageal/patient/esophageal-treatment-pdq
/espanol/tipos/hipofisis/paciente/tratamiento-hipofisis-pdq,/types/breast/hp/breast-treatment-pdq
/types/bladder/hp/bladder-treatment-pdq,/about-cancer/causes-prevention/risk/infectious-agents/h-pylori-fact-sheet
/about-cancer/coping/feelings/stress-fact-sheet,/types/brain/patient/adult-brain-treatment-pdq
/espanol/tipos/cuello-uterino/significado-cambios-en-cuello-uterino,/espanol/tipos/colorrectal/paciente/tratamiento-rectal-pdq
/types/head-and-neck/patient/salivary-gland-treatment-pdq,/espanol/cancer/causas-prevencion/riesgo/sustancias/asbesto/hoja-informativa-asbesto
/about-cancer/treatment/cam,/espanol/tipos/cabeza-cuello/paciente/tratamiento-seno-paranasal-pdq
/espanol/tipos/pulmon,/types/breast/patient/breast-prevention-pdq
/types/esophageal,/types/stomach/patient/stomach-treatment-pdq
/types/ovarian,/types/lymphoma/patient/mycosis-fungoides-treatment-pdq
/espanol/tipos/leucemia,/espanol/cancer/tratamiento/tipos
/espanol/tipos/vejiga/paciente/tratamiento-vejiga-pdq,/about-cancer/causes-prevention/vaccines-fact-sheet
/espanol/tipos/vulva/paciente/tratamiento-vulva-pdq,/espanol/cancer/tratamiento/tipos/radioterapia/hoja-informativa-radioterapia
/types/head-and-neck/patient/laryngeal-treatment-pdq,/types/small-intestine/patient/small-intestine-treatment-pdq
/about-cancer/coping,/espanol/cancer/deteccion
/types/childhood-cancers/child-adolescent-cancers-fact-sheet,/about-nci
/espanol/tipos/prostata/pro/tratamiento-prostata-pdq,/types/kidney
/about-cancer/causes-prevention/risk/myths,/types/lung/hp/small-cell-lung-treatment-pdq
/about-cancer/treatment/drugs/lung,/news-events
/types/breast/risk-reducing-surgery-fact-sheet,/about-cancer/causes-prevention/patient-prevention-overview-pdq
/about-cancer/diagnosis-staging/diagnosis/pathology-reports-fact-sheet,/research/areas/treatment/immunotherapy-using-immune-system
/espanol/tipos/testiculo/paciente/tratamiento-testiculo-pdq,/espanol/tipos/esofago/paciente/tratamiento-esofago-pdq
/about-cancer/causes-prevention/risk/diet/acrylamide-fact-sheet,/publications
/types/stomach,/about-cancer/causes-prevention/risk/myths/hair-dyes-fact-sheet
/espanol/tipos/prostata,/types/uterine/hp/endometrial-treatment-pdq
/espanol/tipos/cabeza-cuello/paciente/tratamiento-labio-boca-pdq,/about-cancer/diagnosis-staging/staging
/about-cancer/treatment/cam/patient/aromatherapy-pdq,/types/pituitary/patient/pituitary-treatment-pdq
/types/head-and-neck/patient/lip-mouth-treatment-pdq,/about-cancer/causes-prevention/risk/obesity/physical-activity-fact-sheet
/types/lymphoma/hp/adult-nhl-treatment-pdq,/types/breast/adjuvant-fact-sheet
/espanol/tipos/cabeza-cuello/paciente/tratamiento-escamoso-metastasico-cuello-pdq,/espanol/tipos/vagina/paciente/tratamiento-vagina-pdq
/espanol/cancer/causas-prevencion/genetica/hoja-informativa-brca,/about-cancer/causes-prevention/risk/diet/vitamin-d-fact-sheet
/about-cancer/causes-prevention/risk/diet/cruciferous-vegetables-fact-sheet,/about-cancer/causes-prevention/risk/tobacco/second-hand-smoke-fact-sheet
/about-cancer/causes-prevention/risk/substances/radon/radon-fact-sheet,/espanol/cancer/tratamiento/efectos-secundarios/linfedema/linfedema-pdq
/types/breast/patient/breast-screening-pdq,/espanol/tipos/seno/pro/tratamiento-seno-pdq
/types/thymoma/patient/thymoma-treatment-pdq,/types/head-and-neck/hp/oropharyngeal-treatment-pdq
/espanol/tipos/cabeza-cuello/paciente/tratamiento-glandulas-salivales-pdq,/about-cancer/treatment/types/chemotherapy
/types/soft-tissue-sarcoma,/about-cancer/causes-prevention/genetics
/publications/patient-education,/espanol/tipos/uterino/paciente/tratamiento-endometrio-pdq
/espanol/tipos/cuello-uterino,/about-cancer/treatment/types/immunotherapy/angiogenesis-inhibitors-fact-sheet
/espanol/tipos/leucemia/paciente/tratamiento-llc-pdq,/about-cancer/causes-prevention/risk/substances
/types/testicular/patient/testicular-treatment-pdq,/espanol/tipos/seno/paciente/deteccion-seno-pdq
/types/myeloma/patient/myeloma-treatment-pdq,/about-cancer/treatment/drugs/prostate
/types/gi-carcinoid-tumors/patient/gi-carcinoid-treatment-pdq,/espanol/tipos/vesicula-biliar/paciente/tratamiento-vesicula-biliar-pdq
/types/vaginal/patient/vaginal-treatment-pdq,/research/resources/terminology/cdisc
/about-cancer/screening/patient-screening-overview-pdq,/espanol/tipos/mieloproliferativas/paciente/tratamiento-mielodisplasicos-pdq
/types/by-body-location,/types/skin/patient/merkel-cell-treatment-pdq
/espanol/publicaciones/educacion-para-pacientes/necesita-saber-leucemia,/publications/fact-sheets
/about-cancer/treatment/types/surgery/photodynamic-fact-sheet,/about-cancer/causes-prevention/risk/diet/tea-fact-sheet
/types/head-and-neck/patient/oropharyngeal-treatment-pdq,/espanol/cancer/que-es/estadisticas
/types/neuroblastoma/hp/neuroblastoma-treatment-pdq,/about-cancer/treatment/drugs/colorectal
/about-cancer/treatment/drugs/r-chop,/espanol/tipos/colorrectal/hoja-informativa-deteccion
/about-cancer/treatment/cam/patient/gerson-pdq,/types/urethral/patient/urethral-treatment-pdq
/about-cancer/treatment/drugs/pembrolizumab,/types/kidney/patient/transitional-cell-treatment-pdq
/types/bone/patient/ewing-treatment-pdq,/types/skin/melanoma-photos
/types/cervical/hp/cervical-treatment-pdq,/types/liver
/about-cancer/treatment/types/immunotherapy/bio-therapies-fact-sheet,/types/lymphoma/patient/primary-cns-lymphoma-treatment-pdq
/espanol/cancer/causas-prevencion/riesgo/mitos/hoja-informativa-antitranspirantes,/types/pancreatic/hp/pancreatic-treatment-pdq
/about-cancer/treatment/cam/patient/essiac-pdq,/espanol/tipos/primario-desconocido/paciente/tratamiento-primario-desconocido-pdq
/about-cancer/treatment/side-effects/fatigue/fatigue-pdq,/types/thyroid
/espanol/tipos/linfoma/pro/tratamiento-lnh-adultos-pdq,/publications/pdq
/espanol/investigacion,/types/colorectal/hp/colorectal-genetics-pdq
/espanol/cancer/diagnostico-estadificacion/hoja-informativa-pruebas-laboratorio,/about-cancer/diagnosis-staging/understanding-lab-tests-fact-sheet
/about-cancer/treatment/side-effects/constipation/gi-complications-hp-pdq,/espanol/tipos/seno/hoja-informativa-terapia-hormonal-seno
/types/ovarian/patient/ovarian-epithelial-treatment-pdq,/about-cancer/treatment/types/immunotherapy
/about-cancer/treatment/cam/patient/prostate-supplements-pdq,/espanol/cancer/causas-prevencion/riesgo
/about-cancer/treatment/cam/hp/aromatherapy-pdq,/types/breast/reconstruction-fact-sheet
/types/leukemia/hp/child-all-treatment-pdq,/publications/patient-education/eating-hints
/espanol/tipos/pene/paciente/tratamiento-pene-pdq,/types/neuroblastoma/patient/neuroblastoma-treatment-pdq
/grants-training,/about-cancer/treatment/clinical-trials/nci-supported/nci-match
/about-cancer/treatment/drugs/folfox,/espanol/contactenos
/types/breast/hp/breast-ovarian-genetics-pdq,/types/skin/hp/skin-treatment-pdq
/espanol/tipos/cabeza-cuello/paciente/tratamiento-hipofaringe-pdq,/espanol/tipos/piel/paciente/tratamiento-piel-pdq
/espanol/cancer/tratamiento/efectos-secundarios/estrenimiento/complicaciones-gi-pdq,/types/liver/patient/adult-liver-treatment-pdq
/about-cancer/treatment/side-effects/constipation/gi-complications-pdq,/about-cancer/treatment/types/surgery/cryosurgery-fact-sheet
/types/langerhans/patient/langerhans-treatment-pdq,/types/leukemia/hp/adult-all-treatment-pdq
/espanol/tipos/piel/paciente/tratamiento-melanoma-pdq,/espanol/cancer/diagnostico-estadificacion/hoja-informativa-tomografia-computarizada
/types/skin/hp/melanoma-treatment-pdq,/espanol/cancer/tratamiento
/espanol/tipos/colorrectal,/espanol/tipos/cuello-uterino/pro/tratamiento-cuello-uterino-pdq
/types/soft-tissue-sarcoma/patient/gist-treatment-pdq,/about-cancer/treatment/side-effects/appetite-loss/nutrition-hp-pdq
/espanol/tipos/infantil/paciente/canceres-infantiles-poco-comunes-pdq,/about-cancer/causes-prevention/risk/diet/garlic-fact-sheet
/about-cancer/treatment/types/stem-cell-transplant/stem-cell-fact-sheet,/about-cancer/treatment/types/surgery/hyperthermia-fact-sheet
/about-cancer/causes-prevention/risk/tobacco,/about-cancer/causes-prevention/risk/tobacco/light-cigarettes-fact-sheet
/espanol/tipos/pulmon/paciente/tratamiento-pulmon-celulas-no-pequenas-pdq,/espanol/tipos/infantil/hoja-informativa-ninos-adolescentes
/about-cancer/treatment/cam/patient/mistletoe-pdq,/espanol/tipos/tiroides/pro/tratamiento-tiroides-pdq
/espanol/tipos/higado/paciente/tratamiento-vias-biliares-pdq,/types/bone/hp/ewing-treatment-pdq
/types/pheochromocytoma/patient/pheochromocytoma-treatment-pdq,/types/anal/patient/anal-treatment-pdq
/types/lung/patient/lung-prevention-pdq,/about-cancer/treatment/side-effects/mouth-throat/oral-complications-pdq
/about-cancer/treatment/drugs/bevacizumab,/espanol/cancer/sobrellevar
/about-cancer/coping/family-friends,/types/bone
/espanol/tipos/uretra/paciente/tratamiento-uretra-pdq,/types/breast/patient/male-breast-treatment-pdq
/types/leukemia/hp/adult-aml-treatment-pdq,/types/aya
/types/gallbladder/patient/gallbladder-treatment-pdq,/espanol/tipos/pulmon/pro/tratamiento-pulmon-celulas-no-pequenas-pdq
/about-cancer/treatment/side-effects/nausea/nausea-hp-pdq,/types/leukemia/patient/hairy-cell-treatment-pdq
/about-cancer/treatment/cam/hp/prostate-supplements-pdq,/types/childhood-cancers
/types/esophageal/hp/esophageal-treatment-pdq,/espanol/tipos/tumores-carcinoides-gi/paciente/tratamiento-carcinoides-gi-pdq
/espanol/tipos/seno/hoja-informativa-reconstruccion,/about-cancer/coping/questions
/publications/patient-education/chemo-and-you,/types/head-and-neck/patient/nasopharyngeal-treatment-pdq
/about-cancer/causes-prevention/risk/hormones/des-fact-sheet,/espanol/tipos/pancreas/paciente/tratamiento-tne-pdq
/types/ovarian/hp/ovarian-epithelial-treatment-pdq,/espanol/tipos/hipofisis/pro/tratamiento-hipofisis-pdq
/types/soft-tissue-sarcoma/hp/adult-soft-tissue-treatment-pdq,/types/myeloproliferative
/types/skin/hp/skin-genetics-pdq,/types/thyroid/hp/thyroid-treatment-pdq
/espanol/cancer/causas-prevencion/genetica/hoja-informativa-pruebas-geneticas,/types/breast/hp/breast-screening-pdq
/grants-training/grants/funding-opportunities,/espanol/tipos/sarcoma-de-tejido-blando/paciente/tratamiento-kaposi-pdq
/types/colorectal/patient/colorectal-prevention-pdq,/espanol/cancer/tratamiento/tipos/radioterapia
/types/breast/hp,/about-cancer/treatment/cam/patient/laetrile-pdq
/publications/patient-education/wyntk-skin-cancer,/types/kidney/hp/kidney-treatment-pdq
/types/brain/patient/child-glioma-treatment-pdq,/espanol/tipos/infantil
/types/gi-carcinoid-tumors/hp/gi-carcinoid-treatment-pdq,/publications/patient-education/radiation-therapy-and-you
/types/uterine/patient/uterine-sarcoma-treatment-pdq,/types/myeloproliferative/patient/chronic-treatment-pdq
/types/head-and-neck/hp/salivary-gland-treatment-pdq,/types/soft-tissue-sarcoma/patient/kaposi-treatment-pdq
/espanol/cancer/causas-prevencion/hoja-informativa-vacunas,/types/myeloma
/types/testicular,/espanol/tipos/colorrectal/pro/tratamiento-colorrectal-pdq
/publications/patient-education/wyntk-leukemia,/about-cancer/treatment/drugs/cancer-type
/publications/pdq/information-summaries/adult-treatment,/espanol/tipos/vejiga/pro/tratamiento-vejiga-pdq
/espanol/tipos/testiculo/pro/tratamiento-testiculo-pdq,/espanol/tipos/hueso/paciente/tratamiento-ewing-pdq
/espanol/tipos/vejiga,/espanol/tipos/prostata/paciente/deteccion-prostata-pdq
/types/stomach/hp/stomach-treatment-pdq,/types/skin/mole-photos
/espanol/tipos/leucemia/paciente/tratamiento-lmc-pdq,/espanol/tipos/cuello-uterino/paciente/deteccion-cuello-uterino-pdq
/espanol/cancer/deteccion/aspectos-generales-deteccion-paciente-pdq,/espanol/tipos/linfoma/paciente/tratamiento-micosis-fungoide-pdq
/about-cancer/treatment/types/radiation-therapy,/publications/patient-education/wyntk-pancreas
/espanol/cancer/deteccion/examenes-de-deteccion,/research/progress/discovery/her2
/types/prostate/hp/prostate-genetics-pdq,/about-nci/organization/crchd/cancer-health-disparities-fact-sheet
/types/unknown-primary/patient/unknown-primary-treatment-pdq,/about-cancer/coping/survivorship/follow-up-care/follow-up-fact-sheet
/types/adrenocortical/patient/adrenocortical-treatment-pdq,/types/leukemia/hp/cll-treatment-pdq
/types/soft-tissue-sarcoma/patient/child-soft-tissue-treatment-pdq,/about-cancer/causes-prevention/risk/radiation/electromagnetic-fields-fact-sheet
/types/testicular/hp/testicular-treatment-pdq,/espanol/cancer/causas-prevencion/riesgo/alcohol/hoja-informativa-alcohol
/about-cancer/diagnosis-staging/diagnosis,/about-cancer/treatment/drugs/non-hodgkin
/types/liver/patient/bile-duct-treatment-pdq,/about-cancer/treatment/drugs/multiple-myeloma
/types/prostate/patient/prostate-prevention-pdq,/espanol/tipos/cabeza-cuello
/about-cancer/treatment/drugs/carboplatin-taxol,/types/leukemia/patient/child-aml-treatment-pdq
/espanol/tipos/pulmon/paciente/prevencion-pulmon-pdq,/espanol/cancer/diagnostico-estadificacion/pronostico
/about-cancer/treatment/drugs/methotrexate,/types/ovarian/patient/ovarian-germ-cell-treatment-pdq
/espanol/tipos/pulmon/paciente/tratamiento-pulmon-celulas-pequenas-pdq,/publications/patient-education/wyntk-brain-tumors
/types/prostate/patient/prostate-screening-pdq,/about-cancer/treatment/drugs/docetaxel
/espanol/cancer/tratamiento/tipos/quimioterapia,/news-events/cancer-currents-blog/2015/dense-breasts-screening
/espanol/publicaciones/educacion-para-pacientes/quimioterapia-y-usted,/about-cancer/treatment/drugs/ipilimumab
/about-cancer/treatment/drugs/brain,/grants-training/training/at-nci
/espanol/tipos/seno/hoja-informativa-mamografias,/about-cancer/treatment/cam/hp/vitamin-c-pdq
/about-cancer/treatment/side-effects/sexuality-fertility-women/hot-flashes-pdq,/espanol/tipos/prostata/paciente/prevencion-prostata-pdq
/espanol/cancer/tratamiento/efectos-secundarios/perdida-apetito/nutricion-pro-pdq,/espanol/cancer/causas-prevencion/genetica
/about-cancer/treatment/drugs/fluorouracil,/espanol/cancer/tratamiento/medicamentos/indice-de-medicamentos
/publications/patient-education/understanding-prostate-cancer-treatment,/espanol/tipos/seno/hoja-informativa-terapia-adyuvante
/about-nci/organization,/types/brain/patient/child-cns-atrt-treatment-pdq
/publications/patient-education/facing-forward,/types/skin/self-exam
/about-cancer/treatment/questions,/espanol/tipos/langerhans/paciente/tratamiento-langerhans-pdq
/about-cancer/causes-prevention/risk/hormones/reproductive-history-fact-sheet,/espanol/cancer/tratamiento/mca/paciente/vitamina-c-pdq
/about-cancer/treatment/drugs/kidney,/about-cancer/treatment/side-effects/cardiopulmonary-pdq
/espanol/tipos/cuello-uterino/paciente/prevencion-cuello-uterino-pdq,/espanol/tipos/suprarrenal/paciente/tratamiento-corteza-suprarrenal-pdq
/about-cancer/causes-prevention/risk/hormones/mht-fact-sheet,/types/lymphoma/hp/child-nhl-treatment-pdq
/about-cancer/treatment/drugs/pancreatic,/espanol/publicaciones/educacion-para-pacientes
/types/lymphoma/patient/child-hodgkin-treatment-pdq,/about-cancer/treatment/drugs/everolimus
/about-cancer/treatment/clinical-trials/paying,/espanol/cancer/tratamiento/efectos-secundarios
/about-cancer/treatment/drugs/fda-bevacizumab,/about-cancer/treatment/drugs/ovarian
/espanol/tipos/estomago/pro/tratamiento-estomago-pdq,/espanol/cancer/causas-prevencion/aspectos-generales-prevencion-paciente-pdq
/about-cancer/diagnosis-staging/symptoms,/espanol/tipos/ojo/paciente/tratamiento-melanoma-ocular-pdq
/about-cancer/causes-prevention/risk/diet,/types/soft-tissue-sarcoma/hp/gist-treatment-pdq
/espanol/tipos/rinon,/espanol/tipos/piel/pro/tratamiento-melanoma-pdq
/about-cancer/treatment/drugs/melanoma,/espanol/tipos/leucemia/paciente/tratamiento-lma-infantil-pdq
/about-cancer/treatment/cam/patient/antineoplastons-pdq,/espanol/tipos/pancreas/pro/tratamiento-pancreas-pdq
/espanol/tipos/timoma/paciente/tratamiento-timoma-pdq,/types/soft-tissue-sarcoma/hp/rhabdomyosarcoma-treatment-pdq
/about-cancer/causes-prevention/research/aspirin,/espanol/tipos/cerebro/pro/tratamiento-cerebro-adultos-pdq
/espanol/tipos/uterino,/about-cancer/treatment/cam/hp/milk-thistle-pdq
/about-cancer/causes-prevention/risk/myths/fluoridated-water-fact-sheet,/types/colorectal/patient/colorectal-screening-pdq
/publications/patient-education/wyntk-hodgkin,/espanol/tipos/tumores-carcinoides-gi/pro/tratamiento-carcinoides-gi-pdq
/about-cancer/treatment/clinical-trials/search/view,/types/vulvar
/about-cancer/treatment/drugs/cervical,/about-cancer/treatment/cam/patient/coenzyme-q10-pdq
/types/liver/hp/adult-liver-treatment-pdq,/about-cancer/treatment/clinical-trials/search/trial-guide
/about-cancer/advanced-cancer/caregivers/planning/bereavement-pdq,/types/cervical/hp/cervical-screening-pdq
/about-cancer/causes-prevention/risk/infectious-agents/hiv-fact-sheet,/about-cancer/treatment/drugs/ibrutinib
/espanol/tipos/leucemia/pro/tratamiento-lma-adultos-pdq,/espanol/tipos/pulmon/paciente/deteccion-pulmon-pdq
/espanol/tipos/mesotelioma/paciente/tratamiento-mesotelioma-pdq,/resources-for/patients
/about-cancer/causes-prevention/research,/types/lung/patient/lung-screening-pdq
/about-cancer/treatment/drugs/cisplatin,/about-cancer/coping/feelings
/about-website,/types/pancreatic/hp/pnet-treatment-pdq
/about-cancer/treatment/types/surgery/lasers-fact-sheet,/types/myeloproliferative/patient/mds-mpd-treatment-pdq
/types/breast/surgery-choices,/espanol/tipos/retinoblastoma/paciente/tratamiento-retinoblastoma-pdq
/types/ovarian/patient/ovarian-low-malignant-treatment-pdq,/espanol/tipos/neuroblastoma/paciente/tratamiento-neuroblastoma-pdq
/about-cancer/treatment/side-effects/lymphedema/lymphedema-hp-pdq,/espanol/tipos/colorrectal/pro/tratamiento-rectal-pdq
/espanol/tipos/por-partes-cuerpo,/about-cancer/treatment/side-effects/mouth-throat/oral-complications-hp-pdq
/types/brain/patient/child-ependymoma-treatment-pdq,/espanol/cancer/tratamiento/estudios-clinicos
/types/kidney/patient/wilms-treatment-pdq,/espanol/cancer/causas-prevencion/riesgo/dieta/hoja-informativa-vitamina-d
/about-cancer/treatment/types/targeted-therapies,/espanol/tipos/piel/paciente/prevencion-piel-pdq
/research/areas/treatment,/types/eye/patient/intraocular-melanoma-treatment-pdq
/types/uterine/patient/endometrial-screening-pdq,/types/cervical/patient/cervical-screening-pdq
/about-cancer/treatment/drugs/stomach,/types/skin/patient/skin-screening-pdq
/about-cancer/causes-prevention/risk/substances/cancer-clusters-fact-sheet,/publications/patient-education/wyntk-uterus
/research/progress/annual-report-nation,/about-cancer/treatment/drugs/cyclophosphamide
/espanol/cancer/causas-prevencion/riesgo/dieta/hoja-informativa-acrilamida,/espanol/publicaciones/educacion-para-pacientes/radioterapia-y-usted
/types/head-and-neck/hp/laryngeal-treatment-pdq,/espanol/tipos/mieloma-multiple/paciente/tratamiento-mieloma-pdq
/espanol/cancer/sobrellevar/sentimientos/hoja-informativa-estres,/about-cancer/treatment/drugs/doxorubicinhydrochloride
/types/eye,/about-cancer/treatment/drugs/tamoxifencitrate
/espanol/tipos/cabeza-cuello/pro/tratamiento-glandulas-salivales-pdq,/types/langerhans/hp/langerhans-treatment-pdq
/social-media,/publications/patient-education/when-someone-you-love-has-advanced-cancer
/types/uterine/hp/uterine-sarcoma-treatment-pdq,/research/progress/snapshots/breast
/types/parathyroid/patient/parathyroid-treatment-pdq,/research/areas/biology
/espanol/cancer/tratamiento/efectos-secundarios/cardiopulmonares-pdq,/types/myeloma/hp/myeloma-treatment-pdq
/espanol/tipos/ovario/paciente/deteccion-ovario-pdq,/types/kidney/hp/transitional-cell-treatment-pdq
/about-cancer/treatment/drugs/trastuzumab,/espanol/tipos/rinon/paciente/tratamiento-celulas-de-transicion-pdq
/types/anal,/espanol/tipos/pancreas
/about-cancer/treatment/cam/hp/gerson-pdq,/espanol/tipos/uterino/pro/tratamiento-endometrio-pdq
/types/cervical/patient/cervical-prevention-pdq,/types/gestational-trophoblastic/patient/gtd-treatment-pdq
/about-cancer/diagnosis-staging,/espanol/tipos/ovario/paciente/tratamiento-epitelial-ovario-pdq
/about-cancer/treatment/cam/patient,/about-cancer/treatment/side-effects/pain/pain-hp-pdq
/espanol/tipos/rinon/paciente/tratamiento-rinon-pdq,/about-cancer/treatment/drugs/letrozole
/espanol/tipos/estomago,/espanol/publicaciones/educacion-para-pacientes/necesita-saber-cervix
/espanol/tipos/leucemia/pro/tratamiento-lla-infantil-pdq,/research/areas/clinical-trials
/about-cancer/diagnosis-staging/questions,/espanol/cancer/diagnostico-estadificacion/estadificacion
/publications/patient-education/wyntk-liver-cancer,/types/brain/patient/child-brain-treatment-pdq
/types/breast/patient/pregnancy-breast-treatment-pdq,/about-cancer/treatment/types/surgery
/types/uterine/hp/endometrial-screening-pdq,/news-events/press-releases/2012/physicalactivitylifeexpectancy
/types/brain/hp/child-astrocytoma-treament-pdq,/types/colorectal/hp/rectal-treatment-pdq
/espanol/tipos/rinon/paciente/tratamiento-wilms-pdq,/espanol/tipos/linfoma/paciente/tratamiento-hodgkin-infantil-pdq
/about-cancer/causes-prevention/risk/diet/calcium-fact-sheet,/about-cancer/causes-prevention/research/metformin
/about-cancer/treatment/side-effects/nausea/nausea-pdq,/resources-for/hp
/about-cancer/treatment/clinical-trials/nci-supported,/types/liver/hp/child-liver-treatment-pdq
/research/areas/clinical-trials/nctn,/espanol/instituto
/about-cancer/coping/survivorship,/espanol/tipos/trofoblastico-gestacion/paciente/tratamiento-etg-pdq
/about-cancer/causes-prevention/genetics/overview-pdq,/about-cancer/treatment/drugs/carboplatin
/espanol/tipos/ovario/pro/tratamiento-epitelial-ovario-pdq,/about-cancer/causes-prevention/risk/age
/espanol/tipos/estomago/paciente/prevencion-estomago-pdq,/espanol/tipos/cabeza-cuello/paciente/tratamiento-orofaringe-pdq
/espanol/tipos/trofoblastico-gestacion/pro/tratamiento-etg-pdq,/espanol/tipos/seno/hoja-informativa-mastectomia-preventiva
/news-events/cancer-currents-blog,/espanol/noticias
/about-cancer/treatment/cam/patient/milk-thistle-pdq,/espanol/tipos/cerebro
/types/gi-carcinoid-tumors,/espanol/tipos/prostata/significado-cambios-en-la-prostata
/about-cancer/managing-care/services/doctor-facility-fact-sheet,/publications/patient-education/wyntk-oral-cancer
/types/lung/hp,/about-cancer/treatment/drugs/doxorubicin-hydrochloride-liposome
/about-cancer/coping/feelings/anxiety-distress-pdq,/research/areas/disparities
/types/leukemia/hp/child-aml-treatment-pdq,/espanol/cancer/causas-prevencion/riesgo/obesidad/hoja-informativa-obesidad
/types/eye/hp/intraocular-melanoma-treatment-pdq,/about-nci/overview
/types/prostate/research/select-trial-results-qa,/about-cancer/causes-prevention/risk/alcohol
/types/colorectal/hp/colorectal-screening-pdq,/types/head-and-neck/patient/hypopharyngeal-treatment-pdq
/espanol/tipos/ovario,/espanol/subvenciones-capacitacion
/espanol/tipos/tiroides,/types/metastatic-cancer
/espanol/tipos/higado/pro/tratamiento-higado-adultos-pdq,/types/head-and-neck/patient/oral-screening-pdq
/types/kidney/hp/wilms-treatment-pdq,/about-cancer/causes-prevention/risk/radiation/pediatric-ct-scans
/about-cancer/treatment/drugs/rituximab,/about-cancer/treatment/drugs/imatinibmesylate
/espanol/cancer/causas-prevencion/riesgo/dieta/hoja-informativa-antioxidantes,/espanol/cancer/tratamiento/efectos-secundarios/nauseas/nauseas-pro-pdq
/types/ovarian/patient/ovarian-screening-pdq,/publications/patient-education/wyntk-breast-cancer
/types/bone/patient/osteosarcoma-treatment-pdq,/espanol/tipos/linfoma/paciente/tratamiento-linfoma-primario-snc-pdq
/about-cancer/treatment/drugs/paclitaxel,/types/kidney/hp/kidney-genetics-pdq
/about-cancer/causes-prevention/risk/chronic-inflammation,/about-cancer/treatment/drugs/abirateroneacetate
/about-cancer/treatment/drugs/capecitabine,/espanol/cancer/diagnostico-estadificacion/sintomas
/types/brain/hp/adult-brain-treatment-pdq,/espanol/cancer/sobrellevar/preguntas
/about-cancer/advanced-cancer/care-choices/hospice-fact-sheet,/espanol/tipos/estomago/paciente/deteccion-estomago-pdq
/research/areas/causes,/types/leukemia/hp
/espanol/cancer/causas-prevencion/riesgo/tabaco/hoja-informativa-cigarros-puros,/types/thymoma/hp/thymoma-treatment-pdq
/espanol/cancer/tratamiento/efectos-secundarios/insomnio/trastornos-del-sueno-pro-pdq,/types/colorectal/hp
/types/mesothelioma/patient/mesothelioma-treatment-pdq,/types/prostate/hp
/about-cancer/treatment/cam/hp/mistletoe-pdq,/types/vulvar/hp/vulvar-treatment-pdq
/types/adrenocortical,/types/childhood-cancers/hp/unusual-cancers-childhood-pdq
/espanol/cancer/diagnostico-estadificacion/diagnostico,/espanol/investigacion/areas/tratamiento/inmunoterapia-uso-del-sistema-inmunitario
/types/pheochromocytoma/hp/pheochromocytoma-treatment-pdq,/espanol/tipos/piel/cualquiera-padecer-cancer-piel
/espanol/tipos/higado,/research/key-initiatives/moonshot-cancer-initiative
/espanol/tipos/feocromocitoma/paciente/tratamiento-feocromocitoma-pdq,/espanol/tipos/cuello-uterino/pro/deteccion-cuello-uterino-pdq
/publications/patient-education/wyntk-prostate-cancer,/espanol/cancer/causas-prevencion/riesgo/mitos/hoja-informativa-tintes-para-cabello
/about-cancer/treatment/drugs/bladder,/espanol/tipos/colorrectal/paciente/prevencion-colorrectal-pdq
/about-cancer/causes-prevention/risk/tobacco/help-quitting-fact-sheet,/about-cancer/causes-prevention/genetics/risk-assessment-pdq
/about-cancer/treatment/drugs/gemcitabinehydrochloride,/espanol/cancer/causas-prevencion/riesgo/sustancias
/types/lymphoma/hp/child-hodgkin-treatment-pdq,/espanol/tipos/sarcoma-de-tejido-blando/pro/tratamiento-tejido-blando-adultos-pdq
/types/penile/patient/penile-treatment-pdq,/about-cancer/treatment/drugs/anastrozole
/espanol/tipos/prostata/hoja-informativa-terapia-hormonal,/types/uterine/patient/endometrial-prevention-pdq
/espanol/tipos/higado/paciente/tratamiento-higado-infantil-pdq,/types/childhood-cancers/late-effects-pdq
/types/breast/abortion-miscarriage-risk,/about-nci/careers
/types/lymphoma/hp/adult-hodgkin-treatment-pdq,/about-cancer/treatment/side-effects/skin-nail-changes/pruritus-hp-pdq
/espanol/tipos/langerhans/pro/tratamiento-langerhans-pdq,/about-cancer/treatment/clinical-trials/what-are-trials
/types/bladder/patient/bladder-screening-pdq,/about-cancer/treatment/drugs/folfiri
/types/prostate/hp/prostate-screening-pdq,/policies/copyright-reuse
/types/ovarian/patient/ovarian-prevention-pdq,/types/head-and-neck/hp/paranasal-sinus-treatment-pdq
/about-cancer/treatment/drugs/liver,/about-cancer/treatment/cam/patient/acupuncture-pdq
/about-nci/visit,/espanol/tipos/mieloma-multiple/pro/tratamiento-mieloma-pdq
/about-cancer/causes-prevention/hp-prevention-overview-pdq,/types/unknown-primary/hp/unknown-primary-treatment-pdq
/about-cancer/screening/hp-screening-overview-pdq,/about-cancer/treatment/types/stem-cell-transplant
/about-cancer/treatment/drugs/cetuximab,/types/lung/research/nlst
/types/gallbladder,/publications/patient-education/advanced-cancer
/about-cancer/treatment/drugs/folfirinox,/about-cancer/coping/feelings/anxiety-distress-hp-pdq
/types/skin/patient/skin-prevention-pdq,/types/bone/hp/osteosarcoma-treatment-pdq
/types/childhood-cancers/late-effects-hp-pdq,/publications/patient-education/wyntk-kidney-cancer
/espanol/tipos/mieloproliferativas/paciente/tratamiento-mds-mpd-pdq,/espanol/tipos/cerebro/paciente/tratamiento-glioma-infantil-pdq
/types/pancreatic/research/folfirinox,/types/lymphoma/hp
/contact/email-us,/espanol/cancer/sobrellevar/familia-y-amigos/familiares-a-cargo-pdq
/publications/patient-education/pain-control,/about-nci/organization/crchd
/contact/contact-center,/about-cancer/causes-prevention/risk/ahs-fact-sheet
/about-website/sitemap,/espanol/publicaciones/educacion-para-pacientes/consejos-de-alimentacion
/types/retinoblastoma/patient/retinoblastoma-treatment-pdq,/espanol/tipos/sarcoma-de-tejido-blando/pro/tratamiento-tegi-pdq
/news-events/press-releases/2015,/types/lymphoma/hp/primary-cns-lymphoma-treatment-pdq
/publications/pdq/information-summaries,/types/head-and-neck/hp/lip-mouth-treatment-pdq
/about-cancer/causes-prevention/genetics/directory,/types/leukemia/hp/cml-treatment-pdq
/about-cancer/coping/feelings/depression-hp-pdq,/about-nci/budget
/espanol/tipos/cabeza-cuello/pro/tratamiento-orofaringe-pdq,/espanol/publicaciones/educacion-para-pacientes/necesita-saber-nohodgkin
/types/stomach/patient/stomach-prevention-pdq,/publications/pdq/information-summaries/pediatric-treatment
/espanol/tipos/hueso/paciente/tratamiento-osteosarcoma-pdq,/types/lymphoma/patient/child-nhl-treatment-pdq
/espanol/cancer/causas-prevencion/investigacion,/espanol/tipos/timoma/pro/tratamiento-timoma-pdq
/types/myeloproliferative/hp/mds-mpd-treatment-pdq,/about-cancer/advanced-cancer/caregivers/planning/bereavement-hp-pdq
/about-cancer/causes-prevention/risk/infectious-agents,/espanol/tipos/leucemia/pro/tratamiento-all-adulto-pdq
/types/lymphoma/patient/aids-related-treatment-pdq,/about-cancer/treatment/drugs/prednisone
/about-cancer/treatment/drugs/sorafenibtosylate,/espanol/tipos/higado/pro/tratamiento-vias-biliares-pdq
/about-cancer/treatment/drugs/skin,/about-cancer/treatment/drugs/gemcitabine-cisplatin
/espanol/tipos/neuroblastoma/pro/tratamiento-neuroblastoma-pdq,/about-cancer/treatment/drugs/head-neck
/espanol/tipos/hueso,/espanol/tipos/pancreas/pro/tratamiento-tne-pdq
/about-cancer/causes-prevention/risk/radiation/nuclear-accidents-fact-sheet,/research/key-initiatives/precision-medicine
/espanol/tipos/mieloproliferativas/pro/tratamiento-cronicas-pdq,/types/neuroblastoma
/types/gestational-trophoblastic/hp/gtd-treatment-pdq,/about-cancer/treatment/drugs/fda-everolimus
/espanol/tipos/cerebro/paciente/tratamiento-cerebro-infantil-pdq,/about-cancer/causes-prevention/risk/obesity
/news-events/press-releases/2013/e3805,/research/progress/snapshots/lung
/types/prostate/psa-infographic,/espanol/tipos/seno/significado-cambios-en-los-senos
/types/myeloproliferative/hp/myelodysplastic-treatment-pdq,/espanol/cancer/causas-prevencion/riesgo/hormonas/hoja-informativa-des
/espanol/tipos/mieloma-multiple,/espanol/tipos/pulmon/pro/tratamiento-pulmon-celulas-pequenas-pdq
/espanol/tipos/feocromocitoma/pro/tratamiento-feocromocitoma-pdq,/about-cancer/causes-prevention/risk/hormones
/syndication,/about-cancer/treatment/drugs/thyroid
/about-nci/organization/clinical-center-fact-sheet,/about-cancer/treatment/side-effects/skin-nail-changes/pruritus-pdq
/espanol/tipos/primario-desconocido/pro/tratamiento-primario-desconocido-pdq,/espanol/tipos/piel/paciente/tratamiento-celulas-de-merkel-pdq
/espanol/cancer/causas-prevencion/riesgo/dieta/hoja-informativa-carne-cocinada,/types/lymphoma/hp/mycosis-fungoides-treatment-pdq
/about-cancer/treatment/drugs/oxaliplatin,/espanol/tipos/cabeza-cuello/paciente/tratamiento-nasofaringe-pdq
/news-events/cancer-currents-blog/2015/antioxidants-metastasis,/types/extragonadal-germ-cell/patient/extragonadal-treatment-pdq
/espanol/cancer/sobrellevar/familia-y-amigos/familiares-a-cargo-pro-pdq,/espanol/tipos/leucemia/pro/tratamiento-llc-pdq
/types/head-and-neck/hp/nasopharyngeal-treatment-pdq,/about-cancer/advanced-cancer/questions
/espanol/tipos/piel/pro/tratamiento-piel-pdq,/espanol/cancer/tratamiento/mca
/about-cancer/causes-prevention/risk/immunosuppression,/espanol/cancer/tratamiento/efectos-secundarios/linfedema/linfedema-pro-pdq
/research/nci-role/cancer-centers/find/stjude,/types/ovarian/hp/ovarian-low-malignant-treatment-pdq
/research/progress/snapshots/leukemia,/types/colorectal/hp/colorectal-prevention-pdq
/about-cancer/treatment/side-effects/memory/delirium-pdq,/about-cancer/causes-prevention/genetics/directory/view
/publications/patient-education/wyntk-bladder-cancer,/types/anal/hp/anal-treatment-pdq
/espanol/cancer/causas-prevencion/riesgo/tabaco,/about-cancer/causes-prevention/research/aspirin-prevention
/types/ovarian/hp/ovarian-germ-cell-treatment-pdq,/research/key-initiatives/ras
/types/testicular/patient/testicular-screening-pdq,/about-cancer/treatment/drugs/nanoparticlepaclitaxel
/espanol/cancer/tratamiento/tipos/inmunoterapia,/espanol/tipos/seno/pro
/about-nci/leadership,/espanol/tipos/cabeza-cuello/pro/tratamiento-laringe-pdq
/types/mesothelioma,/types/myeloproliferative/hp/chronic-treatment-pdq
/about-nci/overview/contributing,/about-cancer/causes-prevention/genetics/directory/results
/types/prostate/research/enzalutamide-metastatic,/espanol/tipos/piel/paciente/deteccion-piel-pdq
/types/brain/patient/child-astrocytoma-treament-pdq,/espanol/tipos/rinon/pro/tratamiento-wilms-pdq
/espanol/tipos/sarcoma-de-tejido-blando/paciente/tratamiento-tegi-pdq,/types/liver/hp/bile-duct-treatment-pdq
/about-cancer/treatment/drugs/bone,/espanol/tipos/rinon/pro/tratamiento-rinon-pdq
/about-cancer/causes-prevention/genetics/ataxia-fact-sheet,/publications/patient-education/wyntk-lung-cancer
/espanol/tipos/linfoma/paciente/tratamiento-relacionado-sida-pdq,/research/areas/genomics
/about-cancer/treatment/clinical-trials/questions,/espanol/tipos/sarcoma-de-tejido-blando/paciente/tratamiento-rabdomiosarcoma-pdq
/about-cancer/treatment/types/hormone-therapy,/about-cancer/treatment/drugs/ramucirumab
/types/brain/patient/child-cranio-treatment-pdq,/about-cancer/coping/feelings/depression-pdq
/about-nci/overview/history,/types/stomach/patient/stomach-screening-pdq
/types/prostate/research/psa-velocity-detection,/espanol/tipos/esofago/pro/tratamiento-esofago-pdq
/about-cancer/treatment/cam/hp,/about-cancer/managing-care/home-care-fact-sheet
/types/penile,/about-cancer/treatment/research
/types/retinoblastoma/hp/retinoblastoma-treatment-pdq,/about-cancer/treatment/drugs/hyper-cvad
/espanol/tipos/vulva/pro/tratamiento-vulva-pdq,/espanol/tipos/cerebro/pro/tratamiento-astrocitomas-infantiles-pdq
/espanol/tipos/ovario/paciente/tratamiento-celulas-germinativas-ovario-pdq,/about-cancer/treatment/drugs/exemestane
/types/skin/hp/merkel-cell-treatment-pdq,/research/progress/snapshots/colorectal
/espanol/cancer/tratamiento/mca/paciente/cannabis-pdq,/research/progress/snapshots/sarcoma
/about-cancer/causes-prevention/risk/radiation,/about-cancer/treatment/drugs/hodgkin-lymphoma
/types/liver/patient/child-liver-treatment-pdq,/about-cancer/advanced-cancer/planning/end-of-life-pdq
/types/skin/hp,/publications/patient-education/taking-time
/publications/patient-education/radiation-side-effects,/types/skin/anyone-can-get-skin-cancer
/espanol/cancer/causas-prevencion/riesgo/inflamacion-cronica,/about-cancer/treatment/cam/patient/gonzalez-pdq
/about-cancer/causes-prevention/risk/tobacco/quit-smoking-pdq,/types/soft-tissue-sarcoma/hp/child-soft-tissue-treatment-pdq
/espanol/cancer/causas-prevencion/riesgo/dieta/hoja-informativa-ajo,/types/head-and-neck/hp/metastatic-squamous-neck-treatment-pdq
/publications/patient-education/chemo-side-effects,/types/brain/hp/child-cns-embryonal-treatment-pdq
/espanol/tipos/seno/pro/deteccion-seno-pdq,/types/colorectal/research/tas-102-overall-survival
/about-cancer/causes-prevention/risk/substances/aflatoxins,/about-cancer/treatment/cam/hp/acupuncture-pdq
/espanol/cancer/causas-prevencion/riesgo/dieta,/research/progress/snapshots/prostate
/espanol/tipos/sarcoma-de-tejido-blando/pro/tratamiento-rabdomiosarcoma-pdq,/about-cancer/treatment/side-effects/fatigue/fatigue-hp-pdq
/types/lung/research/crizotinib,/espanol/tipos/retinoblastoma/pro/tratamiento-retinoblastoma-pdq
/research/progress/snapshots/pancreatic,/about-cancer/understanding/what-is-cancer/metastatic-fact-sheet
/research/progress/snapshots/melanoma,/espanol/tipos/cabeza-cuello/pro/tratamiento-seno-paranasal-pdq
/grants-training/grants/contacts,/types/breast/hp/breast-prevention-pdq
/espanol/cancer/causas-prevencion/riesgo/radiacion/hoja-informativa-campos-magneticos,/types/thyroid/hp/medullary-thyroid-genetics-pdq
/espanol/tipos/linfoma/paciente/tratamiento-lnh-infantil-pdq,/types/breast/research/letrozole-prevents-recurrence
/grants-training/training,/types/brain/hp/child-cns-germ-cell-treatment-pdq
/types/breast/research/palbociclib-hormone-receptor-positive,/espanol/tipos/leucemia/paciente/tratamiento-celulas-pilosas-pdq
/research/key-initiatives/moonshot-cancer-initiative/blue-ribbon-panel,/espanol/cancer/causas-prevencion/riesgo/tabaco/hoja-informativa-humo-tabaco-ambiente
/types/unknown-primary,/research/key-initiatives
/policies/linking,/types/cervical/research/gardasil9-prevents-more-hpv-types
/research/progress/snapshots,/espanol/tipos/paratiroides/paciente/tratamiento-paratiroides-pdq
/espanol/publicaciones/pdq,/espanol/tipos/uterino/paciente/deteccion-endometrio-pdq
/types/retinoblastoma,/about-cancer/advanced-cancer
/espanol/sindicacion,/types/thymoma
/types/stomach/hp/stomach-prevention-pdq,/espanol/tipos/cerebro/pro/tratamiento-embrionarios-snc-infantil-pdq
/about-cancer/treatment/drugs/fda-denosumab,/espanol/publicaciones/educacion-para-pacientes/necesita-saber-prostata
/about-cancer/treatment/drugs/abvd,/publications/patient-education/wyntk-non-hodgkin-lymphoma
/about-cancer/treatment/cam/patient/cancell-pdq,/about-cancer/treatment/drugs/temozolomide
/research/progress/250-years-milestones,/types/vaginal
/about-cancer/understanding/what-is-cancer,/espanol/tipos/uterino/paciente/tratamiento-sarcoma-uterino-pdq
/espanol/tipos/cabeza-cuello/pro/tratamiento-escamoso-metastasico-cuello-pdq,/policies/accessibility
/about-cancer/causes-prevention/risk/radiation/i-131,/types/head-and-neck/patient/oral-prevention-pdq
/espanol/tipos/ovario/pro/deteccion-ovario-pdq,/about-cancer/treatment/cam/patient/cartilage-pdq
/types/lung/research/nlst-qa,/resources-for/researchers
/espanol/tipos/pene/pro/tratamiento-pene-pdq,/publications/patient-education/wyntk-cervical-cancer
/publications/patient-education/thinking-about-cam,/espanol/tipos/hueso/pro/tratamiento-ewing-pdq
/publications/patient-education/wyntk-larynx,/research/areas/screening
/research/areas/prevention,/about-cancer/treatment/clinical-trials/search/help
/research/nci-role/intramural,/types/prostate/research/finasteride-reduces-low-grade
/espanol/tipos/tumores-carcinoides-gi,/types/pancreatic/research/nab-paclitaxel-gemcitabine
/about-cancer/treatment/drugs/leuprolideacetate,/espanol/tipos/mieloproliferativas/paciente/tratamiento-cronicas-pdq
/about-nci/budget/plan,/about-cancer/treatment/side-effects/sexuality-fertility-women/hot-flashes-hp-pdq
/espanol/publicaciones/educacion-para-pacientes/necesita-saber-hodgkin,/about-cancer/coping/adjusting-to-cancer
/types/head-and-neck/hp,/about-cancer/coping/day-to-day
/publications/pdq/information-summaries/screening,/espanol/tipos/mieloproliferativas/pro/tratamiento-mielodisplasicos-pdq
/about-cancer/treatment/drugs/raloxifenehydrochloride,/grants-training/training/other
/types/cervical/hp,/grants-training/training/funding/k99
/espanol/tipos/adolescentes-adultos-jovenes,/espanol/cancer/causas-prevencion/riesgo/tabaco/dejar-fumar-pdq
/about-cancer/coping/adjusting-to-cancer/communication-hp-pdq,/publications/pdq/information-summaries/supportive-care
/espanol/cancer/sobrellevar/sentimientos/ansiedad-sufrimiento-pdq,/about-cancer/treatment/drugs/fda-regorafenib
/about-cancer/treatment/drugs/fda-erlotinib-hydrochloride,/about-cancer/treatment/drugs/bleomycin
/publications/patient-education/when-someone-you-love-is-being-treated,/espanol/tipos/linfoma/pro/tratamiento-hodgkin-adultos-pdq
/research/areas/public-health,/about-cancer/coping/family-friends/family-caregivers-hp-pdq
/about-cancer/coping/survivorship/new-normal/ptsd-pdq,/types/breast/research/tailorx
/research/areas/diagnosis,/about-cancer/treatment/cam/hp/cancell-pdq
/espanol/tipos/seno/paciente/tratamiento-seno-embarazo-pdq,/espanol/tipos/ovario/paciente/prevencion-ovario-pdq
/about-cancer/treatment/drugs/fda-cetuximab,/types/pancreatic/hp
/about-cancer/causes-prevention/risk/sunlight,/about-cancer/treatment/drugs/leucovorincalcium
/espanol/publicaciones/educacion-para-pacientes/como-cuidarse,/espanol/cancer/tratamiento/efectos-secundarios/nauseas/nauseas-pdq
/espanol/cancer/tratamiento/tipos/trasplante-de-celulas-madre,/about-nci/organization/cgh
/types/pheochromocytoma,/about-cancer/treatment/drugs/gefitinib
/about-cancer/managing-care/services,/publications/patient-education/wyntk-esophagus-cancer
/about-cancer/treatment/cam/hp/laetrile-pdq,/types/vaginal/hp/vaginal-treatment-pdq
/espanol/tipos/leucemia/pro/tratamiento-lma-infantil-pdq,/espanol/publicaciones/educacion-para-pacientes/necesita-saber-seno
/espanol/tipos/cabeza-cuello/pro/tratamiento-nasofaringe-pdq,/types/prostate/hp/prostate-prevention-pdq
/about-cancer/treatment/drugs/off-label,/grants-training/training/funding
/espanol/tipos/linfoma/pro/tratamiento-hodgkin-infantil-pdq,/types/esophageal/patient/esophageal-prevention-pdq
/research/progress/snapshots/adolescent-young-adult,/about-cancer/treatment/cam/patient/hydrazine-sulfate-pdq
/about-cancer/coping/adjusting-to-cancer/spouse-or-partner,/espanol/tipos/ovario/pro/tratamiento-celulas-germinativas-ovario-pdq
/research/progress/snapshots/lymphoma,/about-cancer/treatment/drugs/bicalutamide
/research/progress/snapshots/pediatric,/publications/patient-education/wyntk-thyroid-cancer
/espanol/cancer/tratamiento/efectos-secundarios/cambios-piel-unas/prurito-pro-pdq,/espanol/tipos/higado/pro/tratamiento-higado-infantil-pdq
/about-cancer/treatment/drugs/r-epoch,/espanol/cancer/tratamiento/mca/paciente/coenzima-q10-pdq
/about-cancer/treatment/drugs/trametinib,/types/gallbladder/hp/gallbladder-treatment-pdq
/news-events/press-releases/2014/ascosoftandtext,/types/breast/research/10-years-tamoxifen
/types/liver/patient/liver-prevention-pdq,/types/brain/research/immunotherapy-glioblastoma
/publications/patient-education/wyntk-stomach-cancer,/types/brain/hp
/espanol/cancer/tratamiento/efectos-secundarios/sexualidad-mujeres/sofocos-pro-pdq,/espanol/cancer/tratamiento/investigacion/neuropatia-periferica
/espanol/redes-sociales,/research/key-initiatives/biden-cancer-initiative
/types/breast/research,/about-cancer/coping/family-friends/family-caregivers-pdq
/research/areas/childhood,/publications/health-communication
/research/resources/statistical-tools,/about-cancer/treatment/drugs/sunitinibmalate
/espanol/cancer/causas-prevencion/riesgo/dieta/hoja-informativa-te,/espanol/tipos/ano
/espanol/publicaciones/hojas-informativas,/types/small-intestine
/types/esophageal/patient/esophageal-screening-pdq,/types/head-and-neck/hp/hypopharyngeal-treatment-pdq
/research/resources,/about-cancer/treatment/drugs/erlotinibhydrochloride
/espanol/publicaciones/educacion-para-pacientes/efectos-secundarios-quimioterapia,/types/extracranial-germ-cell/hp/germ-cell-treatment-pdq
/types/liver/hp/liver-screening-pdq,/about-cancer/treatment/drugs/vincristinesulfate
/espanol/cancer/tratamiento/tipos/cirugia/hoja-informativa-hipertemia,/espanol/tipos/esofago
/news-events/press-releases/2015/nci-match,/grants-training/training/funding/t32
/types/ovarian/hp,/espanol/tipos/mieloproliferativas/pro/tratamiento-mds-mpd-pdq
/espanol/tipos/colorrectal/paciente/deteccion-colorrectal-pdq,/espanol/tipos/cancer-metastatico
/about-cancer/treatment/cam/patient/cam-topics-pdq,/about-cancer/advanced-cancer/planning/end-of-life-hp-pdq
/types/prostate/research/radium-223-improves-survival,/espanol/publicaciones/educacion-para-pacientes/tomese-su-tiempo
/espanol/tipos/sarcoma-de-tejido-blando/pro/tratamiento-kaposi-pdq,/types/lung/hp/lung-screening-pdq
/about-cancer/coping/family-friends/adjusting-to-being-a-caregiver,/types/gestational-trophoblastic
/publications/patient-education/guide-for-parents,/types/ovarian/research/bevacizumab-combo-chemo
/about-cancer/treatment/drugs/enzalutamide,/types/skin/research/dabrafenib-trametinib
/espanol/politicas/derechos-de-autor-y-uso,/about-cancer/treatment/drugs/fulvestrant
/research/progress/snapshots/head-and-neck,/about-cancer/treatment/types/precision-medicine
/espanol/tipos/cerebro/paciente/tratamiento-astrocitomas-infantiles-pdq,/about-cancer/treatment/side-effects/pain/pain-pdq
/espanol/investigacion/progreso/instantaneas/adolescentes-y-adultos-jovenes,/about-cancer/treatment/drugs/xelox
/about-cancer/treatment/drugs/irinotecanhydrochloride,/research/progress/snapshots/ovarian
/espanol/tipos/ojo/pro/tratamiento-melanoma-ocular-pdq,/research/nci-role/cancer-centers/find/moffitt
/espanol/tipos/cerebro/paciente/tratamiento-ependimoma-infantil-pdq,/types/lung/hp/lung-prevention-pdq
/about-cancer/coping/self-image,/espanol/tipos/ojo
/espanol/tipos/cabeza-cuello/pro/tratamiento-labio-boca-pdq,/about-cancer/treatment/drugs/lenalidomide
/about-cancer/causes-prevention/risk/tobacco/smoking-cessation-hp-pdq,/about-cancer/managing-care
/about-cancer/treatment/drugs/pazopanibhydrochloride,/espanol/tipos/cerebro/paciente/tratamiento-craneo-infantil-pdq
/about-nci/leadership/director,/about-cancer/treatment/drugs/soft-tissue-sarcoma
/types/uterine/hp,/about-cancer/treatment/drugs/aldesleukin
/espanol/cancer/causas-prevencion/riesgo/tabaco/hoja-informativa-ayuda-dejar-fumar,/espanol/cancer/tratamiento/tipos/cirugia/hoja-informativa-terapia-laser
/about-cancer/treatment/cam/hp/essiac-pdq,/publications/patient-education/caring-for-the-caregiver
/types/bladder/hp,/about-cancer/treatment/drugs/topotecanhydrochloride
/espanol/tipos/uterino/pro/tratamiento-sarcoma-uterino-pdq,/espanol/cancer/tratamiento/efectos-secundarios/cardiopulmonares-pro-pdq
/research/key-initiatives/ras/the-problem,/about-cancer/treatment/drugs/fda-trastuzumab
/research/progress/snapshots/brain,/cancertopics/cancerlibrary/theory.pdf
/espanol/cancer/tratamiento/tipos/cirugia/hoja-informativa-terapia-fotodinamica,/espanol/publicaciones/pdq/sumarios-de-informacion/tratamiento-adultos
/about-cancer/treatment/clinical-trials/what-are-trials/phases,/espanol/cancer/tratamiento/preguntas
/social-media/events,/about-cancer/treatment/research/mek
/types/liver/patient/liver-screening-pdq,/espanol/tipos/higado/paciente/deteccion-higado-pdq
/about-cancer/treatment/drugs/carmustine,/resources-for/caregivers
/about-cancer/treatment/clinical-trials/paying/insurance,/espanol/publicaciones/educacion-para-pacientes/significado-cambios-en-los-senos
/types/leukemia/research/ibrutinib-cll,/espanol/cancer/tratamiento/efectos-secundarios/dolor/dolor-pro-pdq
/about-cancer/treatment/drugs/fda-docetaxel,/about-cancer/treatment/cam/hp/coenzyme-q10-pdq
/research/progress/snapshots/headandneck,/about-cancer/treatment/drugs/fda-ramucirumab
/research/nci-role/cancer-centers/find/memorialsloankettering,/espanol/tipos/higado/paciente/prevencion-higado-pdq
/about-cancer/managing-care/using-trusted-resources,/espanol/acerca-sitio
/espanol/cancer/sobrellevar/sentimientos,/about-cancer/treatment/drugs/fda-nanoparticle-paclitaxel
/about-cancer/treatment/drugs/testicular,/about-cancer/treatment/drugs/denosumab
/about-cancer/treatment/drugs/bortezomib,/publications/patient-education/cancer-treatment-research-studies
/espanol/cancer/diagnostico-estadificacion,/types/soft-tissue-sarcoma/hp
/types/leukemia/hp/hairy-cell-treatment-pdq,/about-cancer/treatment/drugs/fda-trametinib
/types/kidney/hp,/news-events/press-releases/2016/blue-ribbon-panel-announced
/espanol/tipos/testiculo,/types/prostate/research/abiraterone
/about-cancer/treatment/cam/patient/714-x-pdq,/espanol/tipos/vejiga/paciente/deteccion-vejiga-pdq
/about-cancer/treatment/drugs/crizotinib,/espanol/cancer/causas-prevencion/riesgo/germenes-infecciosos/hoja-informativa-vih
/types/brain/hp/child-ependymoma-treatment-pdq,/about-cancer/treatment/drugs/cytarabine
/research/nci-role/cancer-centers/find/osujames,/types/penile/hp/penile-treatment-pdq
/about-nci/advisory-boards,/about-cancer/treatment/drugs/pemetrexeddisodium
/espanol/cancer/causas-prevencion/riesgo/dieta/hoja-informativa-calcio,/about-cancer/understanding/statistics
/multimedia,/espanol/tipos/seno/pro/tratamiento-seno-masculino-pdq
/about-cancer/treatment/drugs/fda-rituximab,/espanol/publicaciones/educacion-para-pacientes/siga-adelante
/about-cancer/treatment/drugs/palbociclib,/about-cancer/treatment/drugs/fda-pazopanibhydrochloride
/widgets/termdictionarywidgetspanish,/espanol/publicaciones
/about-cancer/treatment/drugs/mitomycinc,/espanol/cancer/causas-prevencion/riesgo/edad
/espanol/cancer/causas-prevencion/riesgo/sustancias/aflatoxinas/aflatoxinas,/espanol/noticias/comunicados-de-prensa/2011/select2011spanish
/espanol/tipos/prostata/pro/deteccion-prostata-pdq,/espanol/cancer/tratamiento/tipos/cirugia
/about-cancer/treatment/drugs/etoposide,/news-events/press-releases/2016
/research/progress/discovery/gleevec,/types/breast/research/micromets-sentinel-nodes
/espanol/cancer/tratamiento/mca/paciente/temas-mca-pdq,/types/pituitary
/types/urethral/hp/urethral-treatment-pdq,/digital-standards
/espanol/tipos/hueso/pro/tratamiento-osteosarcoma-pdq,/espanol/tipos/linfoma/pro/tratamiento-lnh-infantil-pdq
/research/progress/snapshots/cervical,/about-cancer/causes-prevention/risk/tobacco/quit-smoking-hp-pdq
/types/soft-tissue-sarcoma/hp/kaposi-treatment-pdq,/types/brain/hp/child-glioma-treatment-pdq
/news-events/press-releases/2014/hpvscreeningpredictor,/espanol/cancer/diagnostico-estadificacion/preguntas
/espanol/cancer/tratamiento/efectos-secundarios/sexualidad-mujeres/sofocos-pdq,/espanol/cancer/causas-prevencion/riesgo/dieta/hoja-informativa-plantas-cruciferas
/about-cancer/coping/family-friends/long-distance,/types/brain/hp/child-cns-atrt-treatment-pdq
/espanol/cancer/tratamiento/medicamentos,/espanol/tipos/linfoma/pro
/about-cancer/treatment/drugs/fda-brentuximabvedotin,/types/pituitary/hp/pituitary-treatment-pdq
/about-cancer/treatment/clinical-trials/taking-part,/espanol/cancer/cancer-avanzado
/about-cancer/coping/day-to-day/faith-and-spirituality/spirituality-pdq,/espanol/cancer/cancer-avanzado/preguntas
/espanol/cancer/cancer-avanzado/cuidadores/planificacion/perdida-pdq,/espanol/cancer/causas-prevencion/riesgo/alcohol
/about-cancer/treatment/cam/hp/ndv-pdq,/types/breast/research/star-trial-results-qa
/espanol/tipos/vagina/pro/tratamiento-vagina-pdq,/espanol/cancer/tratamiento/mca/paciente/aromaterapia-pdq
/about-cancer/treatment/drugs/ac,/espanol/cancer/tratamiento/mca/paciente/acupuntura-pdq
/research/progress/snapshots/esophageal,/grants-training/grants-process
/espanol/noticias/comunicados-de-prensa/2013/informenaciondiciembre2013,/about-cancer/treatment/cam/hp/gonzalez-pdq
/espanol/cancer/tratamiento/mca/pro/cannabis-pdq,/grants-training/training/funding/f31
/publications/patient-education/understanding-prostate-changes,/about-cancer/treatment/drugs/chlorambucil
/espanol/cancer/causas-prevencion/riesgo/sustancias/alquitran-de-hulla,/espanol/cancer/tratamiento/efectos-secundarios/fatiga/fatiga-pdq
/about-cancer/advanced-cancer/caregivers,/research/progress/snapshots/stomach
/about-cancer/treatment/cam/hp/antineoplastons-pdq,/espanol/tipos/pulmon/pro
/espanol/cancer/causas-prevencion/riesgo/sustancias/radon/hoja-informativa-radon,/news-events/cancer-currents-blog/2015/targeting-transcription
/about-cancer/treatment/drugs/endometrial,/research/nci-role/extramural
/espanol/tipos/cerebro/pro/tratamiento-cerebro-infantil-pdq,/about-cancer/advanced-cancer/care-choices
/research/progress/snapshots/bladder,/about-cancer/treatment/clinical-trials/patient-safety/childrens-assent
/about-cancer/coping/family-friends/teens,/types/stomach/hp
/news-events/events/scientific-meetings,/types/small-intestine/hp/small-intestine-treatment-pdq
/about-cancer/treatment/drugs/dabrafenib,/types/childhood-cancers/child-hct-hp-pdq
/publications/patient-education/when-cancer-returns,/research/nci-role/cancer-centers/find/cinj
/about-cancer/coping/family-friends/caring-for-yourself,/news-events/cancer-currents-blog/2015/precision-medicine-initiative-2016
/espanol/tipos/cabeza-cuello/paciente/prevencion-boca-pdq,/research/progress/snapshots/myeloma
/espanol/tipos/cerebro/pro/tratamiento-ependimoma-infantil-pdq,/espanol/cancer/cancer-avanzado/planes/etapa-final-pro-pdq
/about-cancer/coping/adjusting-to-cancer/support-groups,/types/skin/hp/skin-screening-pdq
/about-cancer/treatment/side-effects/cardiopulmonary-hp-pdq,/news-events/cancer-currents-blog/2015/pancreatic-exosomes
/about-cancer/treatment/drugs/related-conditions,/about-cancer/treatment/side-effects/sleep-disorders-hp-pdq
/espanol/cancer/causas-prevencion/riesgo/germenes-infecciosos,/grants-training/grants/funding-opportunities/oia
/types/metastatic-cancer/research/cardiac-tumors,/research/key-initiatives/ras/groups/target-biology/cell-lines
/espanol/cancer/cancer-avanzado/planes/etapa-final-pdq,/about-cancer/treatment/drugs/cabazitaxel
/espanol/cancer/causas-prevencion/riesgo/tabaco/hoja-informativa-tabaco-sin-humo,/about-cancer/treatment/drugs/fda-pertuzumab
/espanol/cancer/causas-prevencion/riesgo/inmunosupresion,/about-cancer/treatment/drugs/esophageal
/espanol/cancer/sobrellevar/sentimientos/ansiedad-sufrimiento-pro-pdq,/espanol/tipos/prostata/pro
/types/brain/patient/child-cns-embryonal-treatment-pdq,/about-cancer/treatment/drugs/regorafenib
/types/uterine/hp/endometrial-prevention-pdq,/types/breast/moving-beyond-breast-cancer-overview-video
/research/key-initiatives/moonshot-cancer-initiative/get-involved,/about-cancer/treatment/drugs/fda-ipilimumab
/espanol/tipos/cerebro/pro/tratamiento-glioma-infantil-pdq,/espanol/tipos/ovario/pro/tratamiento-ovario-bajo-potencial-maligno-pdq
/espanol/tipos/sarcoma-de-tejido-blando,/about-cancer/treatment/drugs/olaparib
/about-cancer/treatment/side-effects/mouth-throat,/about-cancer/treatment/drugs/chop
/types/breast/hp/male-breast-treatment-pdq,/about-cancer/treatment/drugs/ac-t
/types/esophageal/hp,/about-cancer/coping/adjusting-to-cancer/communication-pdq
/types/myeloma/research/pomalidomide-dexamethasone,/types/extragonadal-germ-cell
/research/progress/snapshots/thyroid,/espanol/tipos/seno/investigacion/resultados-star-respuestas
/espanol/cancer/tratamiento/efectos-secundarios/dolor/dolor-pdq,/espanol/tipos/estomago/pro/prevencion-estomago-pdq
/news-events/cancer-currents-blog/2015/brainmets-radiation,/types/breast/research/tailorx-low-risk
/about-cancer/advanced-cancer/talking,/espanol/investigacion/progreso/instantaneas/nanotecnologia
/about-cancer/treatment/side-effects/anemia,/research/progress/snapshots/endometrial
/about-cancer/treatment/side-effects/fatigue,/research/nci-role/cancer-centers/find/mayoclinic
/research/progress/discovery/cisplatin,/news-events/press-releases/2011/costcancer2020
/about-cancer/treatment/drugs/fda-bendamustine-hydrochloride,/espanol/contactenos/correo-electronico
/espanol/cancer/causas-prevencion/riesgo/hormonas,/types/urethral
/espanol/tipos/rinon/pro/tratamiento-celulas-de-transicion-pdq,/about-cancer/treatment/drugs/azacitidine
/espanol/cancer/causas-prevencion/riesgo/tabaco/hoja-informativa-cigarillos-light,/types/thyroid/hp
/resources-for/hp/education,/types/cervical/hp/cervical-prevention-pdq
/news-events/press-releases/2012/breastdensitymammogram,/about-cancer/treatment/drugs/gist
/about-cancer/treatment/drugs/afatinibdimaleate,/about-nci/organization/crchd/funding-training-opportunities
/types/colorectal/research/polyp-fiber-prevention-qa,/about-cancer/advanced-cancer/feelings
/espanol/tipos/leucemia/pro,/espanol/cancer/tratamiento/tipos/terapia-dirigida
/about-cancer/treatment/drugs/dasatinib,/types/liver/hp
/types/skin/research/advanced-melanoma-therapies,/research/nci-role/spotlight/oia/recipients-2015
/about-cancer/treatment/drugs/goserelinacetate,/about-cancer/treatment/drugs/epoch
/grants-training/training/funding/k22,/about-cancer/treatment/drugs/ado-trastuzumab-emtansine
/about-cancer/treatment/drugs/dacarbazine,/types/skin/research/nivolumab
/about-nci/organization/ccct/ctrp,/types/lung/research/alchemist
/espanol/tipos/ano/pro/tratamiento-ano-pdq,/research/nci-role/partners-collaborators
/research/resources/data-catalog,/types/bladder/hp/bladder-screening-pdq
/espanol/tipos/cerebro/paciente/tratamiento-atrt-snc-infantil-pdq,/espanol/tipos/vesicula-biliar
/espanol/tipos/infantil/efectos-tardios-pdq,/policies/foia
/about-cancer/treatment/side-effects/infection,/espanol/tipos/cuello-uterino/pro
/research/nci-role/cancer-centers/find/mdanderson,/types/childhood-cancers/ccss
/about-cancer/treatment/drugs/nilotinib,/research/nci-role/bioinformatics
/news-events/press-releases/2015/changing-survival-patterns-breast,/about-cancer/treatment/drugs/brentuximabvedotin
/espanol/cancer/sobrellevar/sentimientos/depresion-pdq,/espanol/tipos/pulmon/pro/prevencion-pulmon-pdq
/about-cancer/treatment/drugs/megestrolacetate,/about-cancer/coping/day-to-day/faith-and-spirituality/spirituality-hp-pdq
/about-cancer/treatment/side-effects/lymphedema,/espanol/cancer/tratamiento/investigacion/caquexia
/types/brain/patient/child-cns-germ-cell-treatment-pdq,/espanol/recursos-para/profesionales-de-salud
/about-cancer/treatment/clinical-trials/what-are-trials/types,/espanol/tipos/seno/pro/prevencion-seno-pdq
/espanol/cancer/tratamiento/investigacion,/publications/blogs-newsletters
/espanol/cancer/sobrellevar/supervivencia,/types/lung/research
/types/ovarian/hp/ovarian-screening-pdq,/research/nci-role/fnlcr
/news-events/press-releases/2011/chernobylradiation,/about-cancer/causes-prevention/risk/statins-fact-sheet
/espanol/investigacion/progreso/informe-anual-nacion,/publications/patient-education/sibling-has-cancer
/espanol/tipos/colorrectal/pro,/about-cancer/treatment/side-effects/nausea
/clinicaltrials/learning/page2,/about-cancer/causes-prevention/risk/substances/carcinogens
/about-cancer/treatment/drugs/fda-sorafenib-tosylate,/espanol/noticias/temas-y-relatos-blog/2015/nivolumab-extension
/about-cancer/treatment/drugs/carfilzomib,/espanol/cancer/sobrellevar/familia-y-amigos
/research/resources/terminology,/espanol/tipos/vesicula-biliar/pro/vesicula-biliar-tratamiento-pdq
/about-nci/organization/cgh/about/staff,/policies/privacy-security
/news-events/events/conferences,/types/breast/research/two-drugs-one-target
/espanol/cancer/causas-prevencion/aspectos-generales-prevencion-pro-pdq,/types/bone/hp
/news-events/cancer-currents-blog/2015/fda-opdivo,/espanol/tipos/prostata/investigacion/resultados-select-respuestas
/grants-training/training/contact,/espanol/cancer/tratamiento/efectos-secundarios/sexualidad-mujeres/sexualidad-pro-pdq
/about-cancer/treatment/side-effects/sexuality-fertility-women/sexuality-hp-pdq,/news-events/cancer-currents-blog/2015/lung-cancer-landscape
/types/skin/research/nivolumab-checkmate067,/about-nci/organization/cgh/funding-training
/research/progress/snapshots/kidney,/about-cancer/treatment/side-effects/appetite-loss
/espanol/cancer/sobrellevar/dia-a-dia/fe-y-espiritualidad/espiritualidad-pdq,/news-events/cancer-currents-blog/2016/fda-threedrugs-myeloma
/types/langerhans,/espanol/tipos/sarcoma-de-tejido-blando/pro/tratamiento-tejido-blando-infantil-pdq
/grants-training/grants-process/application,/types/breast/research/eribulin-improves-survival
/about-cancer/advanced-cancer/planning,/about-cancer/treatment/drugs/capox
/about-cancer/treatment/drugs/fda-crizotinib,/types/childhood-cancers/pediatric-care-pdq
/research/progress/discovery,/espanol/cancer/deteccion/aspectos-generales-deteccion-pro-pdq
/types/prostate/research/prostate-cancer-prevention-trial-qa,/about-cancer/causes-prevention/research/crispr
/types/breast/research/tamoxifen-long-lasting-benefit,/about-cancer/treatment/side-effects/hair-loss
/espanol/cancer/tratamiento/efectos-secundarios/memoria/delirio-pdq,/news-events/press-releases/2015/ibrutinib-lymphoma-subtype
/multimedia/infographics/nci-match/nci-match-clinical-trial-infographic,/about-cancer/treatment/drugs/bendamustinehydrochloride
/types/skin/research/pembrolizumab,/about-cancer/treatment/drugs/investigational-drug-access-fact-sheet
/grants-training/training/funding/f32,/about-nci/organization/crchd/diversity-training/cure
/about-cancer/treatment/clinical-trials/patient-safety,/espanol/tipos/cerebro/paciente/tratamiento-embrionarios-snc-infantil-pdq
/types/myeloma/hp,/types/breast/hp/pregnancy-breast-treatment-pdq
/research/nci-role/cancer-centers/find/dukeci,/grants-training/training/funding/k07
/espanol/tipos/suprarrenal/pro/tratamiento-corteza-suprarrenal-pdq,/about-cancer/causes-prevention/risk/substances/coal-tar
/espanol/publicaciones/educacion-para-pacientes/necesita-saber-pulmon,/research/areas
/about-cancer/treatment/drugs/myeloproliferative-neoplasms,/espanol/tipos/uretra/pro/tratamiento-uretra-pdq
/about-cancer/treatment/side-effects/sleep-disorders-pdq,/grants-training/grants/funding-strategy
/about-cancer/treatment/drugs/eribulinmesylate,/about-nci/budget/annual-plan
/about-cancer/treatment/drugs/fda-ibrutinib,/types/esophageal/research/preop-treatment-improves-survival
/about-cancer/treatment/drugs/lapatinibditosylate,/about-cancer/treatment/side-effects/nerve-problems
/espanol/tipos/paratiroides/pro/tratamiento-paratiroides-pdq,/about-nci/organization/ccct
/about-cancer/treatment/drugs/idelalisib,/cancertopics/understandingcancer/cancer
/types/prostate/research,/publications/patient-education/understanding-breast-changes
/types/breast/research/adjuvant-bisphosphonates-meta-analysis,/espanol/cancer/causas-prevencion/riesgo/tabaco/dejar-fumar-tratamiento-pro-pdq
/about-cancer/treatment/drugs/vemurafenib,/espanol/tipos/leucemia/pro/tratamiento-lmc-pdq
/about-cancer/treatment/drugs/cabozantinib-s-malate,/types/skin/sun-tips
/espanol/acerca-sitio/mapa-sitio,/about-cancer/treatment/drugs/panitumumab
/espanol/tipos/prostata/pro/prevencion-prostata-pdq,/espanol/tipos/cabeza-cuello/paciente/deteccion-boca-pdq
/news-events/press-releases/2016/cryo-electron-microscopy,/espanol/tipos/infantil/pro/canceres-infantiles-poco-comunes-pdq
/research/progress/discovery/hpv-vaccines,/research/progress/discovery/taxol
/types/mesothelioma/hp/mesothelioma-treatment-pdq,/about-cancer/treatment/drugs/dactinomycin
/types/skin/hp/skin-prevention-pdq,/espanol/tipos/uterino/paciente/prevencion-endometrio-pdq
/about-cancer/treatment/drugs/fda-pembrolizumab,/about-nci/organization/crchd/about-health-disparities/examples
/espanol/cancer/tratamiento/estudios-clinicos/que-son-estudios,/about-cancer/treatment/drugs/fda-lapatinib
/news-events/press-releases/2015/lung-cancer-indicators-recurrence,/about-cancer/treatment/side-effects/skin-nail-changes
/research/key-initiatives/moonshot-cancer-initiative/research-areas,/espanol/noticias/temas-y-relatos-blog
/espanol/tipos/cerebro/paciente/tratamiento-celulas-germinativas-snc-infantil-pdq,/types/lymphoma/research/rituximab-retreatment-follicular
/about-nci/budget/plan/progress,/espanol/tipos/linfoma/pro/tratamiento-relacionado-sida-pdq
/grants-training/training/funding/k08,/news-events/press-releases/2011/organtransplantcancerrisk
/espanol/tipos/linfoma/pro/tratamiento-micosis-fungoide-pdq,/espanol/instituto/centros-oncologicos
/espanol/tipos/cerebro/pro/tratamiento-celulas-germinativas-snc-infantil-pdq,/research/nci-role/cancer-centers/find/utahhuntsman
/about-cancer/treatment/drugs/arsenictrioxide,/about-cancer/treatment/drugs/caf
/about-cancer/treatment/cam/hp/pc-spes-pdq,/research/nci-role/cancer-centers/history
/grants-training/grants-process/overview,/types/adrenocortical/hp/adrenocortical-treatment-pdq
/types/ovarian/hp/ovarian-prevention-pdq,/news-events/cancer-currents-blog/2015/brain-tumor-targeted-therapy
/about-cancer/treatment/drugs/axitinib,/publications/pdq/information-summaries/cam
/types/breast/research/trastuzumab-after-chemo,/about-cancer/treatment/drugs/mesothelioma
/news-events/cancer-currents-blog/2015/gulley-checkpoint,/espanol/cancer/tratamiento/efectos-secundarios/insomnio/trastornos-del-sueno-pdq
/about-cancer/treatment/drugs/alemtuzumab,/about-cancer/treatment/drugs/anal
/about-cancer/treatment/drugs/fda-gefitinib,/espanol/tipos/mesotelioma/pro/tratamiento-mesotelioma-pdq
/research/nci-role/cancer-centers/find/arizonacc,/news-events/cancer-currents-blog/2015/oncolyticvirus-melanoma
/about-nci/organization/crchd/about/contact,/about-cancer/treatment/drugs/ofatumumab
/types/stomach/hp/stomach-screening-pdq,/espanol/tipos/cabeza-cuello/pro/tratamiento-hipofaringe-pdq
/types/esophageal/hp/esophageal-prevention-pdq,/about-cancer/treatment/drugs/fda-ofatumumab
/research/nci-role/cancer-centers/find/upennabramson,/espanol/cancer/tratamiento/mca/pro/prostata-suplementos-pdq
/about-cancer/causes-prevention/risk/radiation/nasopharyngeal-radium-fact-sheet,/publications/pdq/information-summaries/genetics
/about-cancer/causes-prevention/risk/substances/benzene,/about-cancer/coping/survivorship/new-normal
/about-cancer/treatment/side-effects/pain,/types/testicular/hp/testicular-screening-pdq
/about-cancer/treatment/drugs/obinutuzumab,/about-cancer/treatment/drugs/recombinant-interferon-alfa-2b
/types/breast/research/tamoxifen-15-year-benefits,/news-events/cancer-currents-blog/2015/dcis-low-risk
/about-cancer/treatment/cam/patient/suns-soup-pdq,/about-nci/organization/obf
/espanol/investigacion/progreso/instantaneas/leucemia,/types/lymphoma/hp/aids-related-treatment-pdq
/about-cancer/managing-care/advance-directives,/about-cancer/treatment/drugs/pertuzumab
/espanol/tipos/piel/pro,/about-cancer/treatment/drugs/ceritinib
/espanol/noticias/comunicados-de-prensa/2014/predictor-riesgo-de-vph,/publications/patient-education/when-your-parent-has-cancer
/types/brain/hp/child-brain-treatment-pdq,/about-cancer/treatment/drugs/fda-abirateroneacetate
/espanol/cancer/causas-prevencion/riesgo/sustancias/oxido-de-etileno,/espanol/tipos/cuello-uterino/pro/prevencion-cuello-uterino-pdq
/about-cancer/treatment/drugs/temsirolimus,/about-cancer/treatment/drugs/lomustine
/about-cancer/treatment/drugs/fda-sipuleucel-t,/about-cancer/treatment/drugs/vinblastinesulfate
/about-cancer/treatment/drugs/folfiri-bevacizumab,/espanol/tipos/piel/pro/tratamiento-celulas-de-merkel-pdq
/espanol/cancer/tratamiento/estudios-clinicos/patrocinados-por-nci/nci-match,/policies/disclaimer
/espanol/publicaciones/educacion-para-pacientes/necesita-saber-tiroides,/grants-training/training/diversity-training
/research/key-initiatives/ras/ras-central/blog,/news-events/cancer-currents-blog/2016/hpv-head-and-neck-cancer
/grants-training/grants-management/contacts,/about-cancer/treatment/side-effects/diarrhea
/about-cancer/treatment/drugs/blinatumomab,/types/metastatic-cancer/research
/about-cancer/treatment/drugs/fda-dexrazoxane-hydrochloride,/types/recurrent-cancer
/about-cancer/treatment/cam/hp/cam-topics-pdq,/about-cancer/treatment/drugs/fu-lv
/espanol/cancer/causas-prevencion/riesgo/sustancias/carcinogenos,/about-cancer/treatment/drugs/ade
/about-cancer/treatment/drugs/fda-temozolomide,/about-cancer/treatment/drugs/daunorubicinhydrochloride
/research/key-initiatives/moonshot-cancer-initiative/task-force,/news-events/press-releases/2016/annual-report-nation-1975-2012
/about-cancer/treatment/side-effects/urination-changes,/about-cancer/coping/survivorship/questions
/about-cancer/treatment/drugs/cmf,/about-cancer/treatment/clinical-trials/what-are-trials/randomization
/types/leukemia/research,/about-cancer/causes-prevention/risk/tobacco/smoking-cessation-pdq
/about-cancer/treatment/drugs/fda-decitabine,/espanol/cancer/causas-prevencion/riesgo/sustancias/silice-cristalina
/research/nci-role,/about-cancer/treatment/drugs/tac
/espanol/cancer/sobrellevar/sentimientos/depresion-pro-pdq,/about-cancer/treatment/drugs/fda-pemetrexed-disodium
/about-cancer/treatment/drugs/fda-dasatinib,/about-cancer/treatment/drugs/vandetanib
/about-cancer/treatment/drugs/zoledronicacid,/grants-training/training/funding/f30
/types/testicular/hp,/espanol/tipos/pene
/research/nci-role/cancer-centers/find/beckmancityofhope,/about-cancer/treatment/drugs/bep
/about-cancer/treatment/drugs/sipuleucel-t,/types/extragonadal-germ-cell/hp/extragonadal-treatment-pdq
/espanol/tipos/hipofisis,/espanol/cancer/causas-prevencion/riesgo/sustancias/cromo
/about-cancer/treatment/drugs/r-cvp,/espanol/investigacion/progreso/instantaneas/seno
/about-nci/organization/oga,/about-nci/organization/crchd/diversity-training
/resources-for/hp/education/epeco,/research/progress/discovery/kras-model
/news-events/media-resources/contacts,/espanol/cancer/causas-prevencion/riesgo/obesidad
/espanol/cancer/cancer-avanzado/conversacion,/about-cancer/treatment/drugs/lenvatinibmesylate
/espanol/tipos/pulmon/investigacion/nlst-respuestas,/research/nci-role/cancer-centers/find/foxchase
/about-cancer/treatment/drugs/fda-sunitinib-malate,/about-nci/organization/ccg
/about-cancer/treatment/drugs/imiquimod,/news-events/cancer-currents-blog/2015/tumor-specific-mutations-immunotherapy
/espanol/multimedia,/espanol/tipos/infantil/tch-infantil-pro-pdq
/espanol/tipos/esofago/paciente/prevencion-esofago-pdq,/espanol/noticias/comunicados-de-prensa/2013/e3805
/about-cancer/treatment/drugs/fda-blinatumomab,/research/progress/discovery/neuroblastoma
/about-cancer/coping/survivorship/new-normal/ptsd-hp-pdq,/research/nci-role/spotlight
/espanol/cancer/causas-prevencion/riesgo/mitos/hoja-informativa-agua-fluorada,/types/neuroblastoma/hp
/espanol/tipos/colorrectal/pro/prevencion-colorrectal-pdq,/espanol/instituto/organizacion
/news-events/cancer-currents-blog/2015/precision-medicine-trials,/research/resources/terminology/fda
/types/thyroid/research/sorafenib,/about-cancer/treatment/drugs/tpf
/about-cancer/treatment/drugs/vulvar,/espanol/tipos/testiculo/paciente/deteccion-testiculo-pdq
/espanol/cancer/sobrellevar/familia-y-amigos/adolescentes,/espanol/publicaciones/educacion-para-pacientes/control-del-dolor
/espanol/cancer/tratamiento/mca/paciente/prostata-suplementos-pdq,/about-cancer/treatment/drugs/fda-vemurafenib
/about-nci/organization/cgh/events,/about-cancer/treatment/drugs/daratumumab
/news-events/press-releases/2012/plcoscreening,/publications/patient-education/someone-you-love-completed-cancer-treatment
/research/key-initiatives/ras/ras-central,/about-cancer/treatment/drugs/thiotepa
/research/progress/discovery/brca,/types/parathyroid/hp/parathyroid-treatment-pdq
/about-nci/organization/cgh/research,/espanol/investigacion/papel-del-nci
/espanol/politicas/foia,/research/nci-role/cancer-centers/find/ucolorado
/news-events/press-releases/2015/ilc-2015,/about-cancer/treatment/cam/patient/ndv-pdq
/news-events/press-releases/2011/iarccellphonemay2011,/news-events/cancer-currents-blog/2015/fda-nine-new-cancer-drugs
/about-cancer/advanced-cancer/caregivers/planning,/about-cancer/treatment/side-effects/edema
/publications/pdq/levels-evidence/cam,/about-cancer/treatment/drugs/pamidronatedisodium
/types/prostate/research/chemohormonal-treatment-extends-survival,/espanol/tipos/primario-desconocido
/publications/pdq/levels-evidence/treatment,/research/nci-role/cancer-centers/find/dfharvard
/espanol/cancer/causas-prevencion/riesgo/luz-solar,/about-cancer/treatment/drugs/thalidomide
/types/colorectal/research,/espanol/cancer/causas-prevencion/riesgo/radiacion
/news-events/press-releases/2015/tcga-prcc-prostate-cancer,/espanol/tipos/intestino-delgado
/grants-training/grants-process/mechanisms,/espanol/tipos/cabeza-cuello/pro
/espanol/recursos-para/pacientes,/about-cancer/treatment/drugs/fda-dabrafenib
/espanol/cancer/sobrellevar/adaptacion-al-cancer,/publications/patient-education/about-prevention-trials
/news-events/cancer-currents-blog/2016/fda-alectinib-nsclc,/about-cancer/treatment/drugs/xeliri
/about-cancer/treatment/drugs/dexamethasone,/news-events/cancer-currents-blog/2015/cancer-prevention-research-importance
/espanol/noticias/comunicados-de-prensa/2011/hpvvaxdosingspanish,/about-cancer/treatment/side-effects/memory
/about-cancer/treatment/drugs/fda-nelarabine,/about-nci/budget/fact-book
/about-cancer/treatment/drugs/radium-223-dichloride,/espanol/tipos/ano/paciente/prevencion-ano-pdq
/news-events/cancer-currents-blog/2015/adjuvant-chemo-prostate,/about-cancer/treatment/side-effects/constipation
/news-events/cancer-currents-blog/2016/new-approaches-prevention,/espanol/politicas/enlaces
/types/myeloproliferative/hp,/news-events/cancer-currents-blog/2016/cll-new-drugs
/types/stomach/research/preop-chemo,/research/progress/discovery/blood-cancer
/types/myeloma/research/carfilzomib-lenalidomide-dexamethasone,/types/esophageal/hp/esophageal-screening-pdq
/news-events/press-releases/2012/lungcancerasianneversmokers,/espanol/cancer/cancer-avanzado/cuidadores
/espanol/publicaciones/pdq/sumarios-de-informacion/tratamiento-pediatrico,/about-cancer/coping/day-to-day/daily-routine
/about-cancer/treatment/drugs/fda-lenalidomide,/types/anal/patient/anal-prevention-pdq
/news-events/cancer-currents-blog/2015/ip-chemo,/news-events/press-releases/2014/rtog9802
/types/breast/research/altto,/about-cancer/coping/survivorship/follow-up-care
/espanol/tipos/hojas-informativas/testiculo-respuestas,/about-cancer/treatment/drugs/trifluridine-tipiracilhydrochloride
/about-cancer/treatment/drugs/clofarabine,/espanol/investigacion/progreso/instantaneas/mieloma
/types/head-and-neck/hp/oral-screening-pdq,/espanol/investigacion/progreso/instantaneas/infantil
/espanol/tipos/infantil/efectos-tardios-pro-pdq,/espanol/tipos/vulva
/espanol/tipos/linfoma/pro/tratamiento-linfoma-primario-snc-pdq,/types/breast/research/exemestane-reduces-risk
/about-nci/organization/oga/about/staff,/grants-training/training/funding/r25e
/espanol/investigacion/progreso/instantaneas,/types/parathyroid
/espanol/noticias/comunicados-de-prensa/2011/costcancer2020spa,/espanol/tipos/estomago/pro
/espanol/cancer/tratamiento/estudios-clinicos/preguntas,/about-nci/budget/fact-book-2013
/news-events/press-releases/2014/exceptionalrespondersqanda,/espanol/noticias/comunicados-de-prensa/2015
/about-cancer/treatment/side-effects/bleeding-bruising,/research/nci-role/cancer-centers/find/mitkoch
/espanol/cancer/tratamiento/tipos/terapia-hormonal,/about-cancer/treatment/drugs/fda-ziv-aflibercept
/about-cancer/treatment/drugs/lanreotideacetate,/about-cancer/treatment/drugs/fda-gemcitabine-hydrochloride
/types/breast/research/ert-benefits-risks-age,/about-cancer/treatment/cam/hp/cartilage-pdq
/research/nci-role/cancer-centers/find/roswellpark,/espanol/cancer/cancer-avanzado/cuidadores/planificacion
/about-cancer/coping/survivorship/physical-changes,/about-cancer/treatment/drugs/fda-nilotinib
/news-events/press-releases/2013/gog240,/about-cancer/treatment/drugs/decitabine
/about-cancer/treatment/drugs/neuroblastoma,/news-events/cancer-currents-blog/2015/lonsurf-colorectal
/about-cancer/treatment/drugs/ifosfamide,/about-cancer/treatment/drugs/vinorelbinetartrate
/espanol/tipos/esofago/paciente/deteccion-esofago-pdq,/espanol/tipos/estomago/pro/deteccion-estomago-pdq
/news-events/cancer-currents-blog/2015/lung-prognostic,/about-cancer/treatment/drugs/ice
/espanol/investigacion/progreso/instantaneas/pulmon,/espanol/instituto/general
/about-cancer/treatment/drugs/fec,/types/esophageal/research/trastuzumab
/about-cancer/treatment/drugs/ziv-aflibercept,/about-nci/budget/congressional-justification
/espanol/cancer/sobrellevar/dia-a-dia/fe-y-espiritualidad/espiritualidad-pro-pdq,/espanol/politicas/confidencialidad-seguridad
/about-cancer/treatment/drugs/fda-eribulinmesylate,/news-events/cancer-currents-blog/2015/pembrolizumab-nsclc
/publications/pdq/information-summaries/prevention,/multimedia/infographics/precision-medicine/nci-precision-medicine-infographic
/about-cancer/treatment/drugs/plerixafor,/news-events/press-releases/2015/ctdna-dlbcl-detection-lancet-oncology
/about-nci/overview/nci-at-a-glance,/types/colorectal/research/bevacizumab-severe-side-effects
/about-cancer/causes-prevention/risk/substances/wood-dust,/espanol/cancer/sobrellevar/dia-a-dia
/about-cancer/treatment/drugs/bosutinib,/espanol/cancer/causas-prevencion/genetica/hoja-informativa-ataxia
/about-cancer/treatment/drugs/busulfan,/espanol/instituto/general/infografia-nci
/about-cancer/coping/family-friends/caregiving-after-treatment,/types/lung/research/screening-x-ray
/news-events/press-releases/2015/fewer-doses-hpv-vaccine,/espanol/cancer/manejo-del-cancer
/types/skin/research/pembrolizumab-ipilimumab-resistance,/publications/patient-education/surgery-choices
/research/progress/discovery/methotrexate,/syndication/rss
/espanol/instituto/director,/grants-training/grants
/about-cancer/causes-prevention/risk/substances/asbestos,/about-cancer/treatment/drugs/degarelix
/about-cancer/treatment/drugs/fda-romidepsin,/about-cancer/treatment/drugs/fda-radium-223-dichloride
/espanol/cancer/tratamiento/investigacion/auge-de-cirugia-robotica,/publications/patient-education/understanding-cervical-changes
/research/nci-role/cancer-centers/find/emorywinship,/types/extracranial-germ-cell/patient/germ-cell-treatment-pdq
/espanol/tipos/mieloproliferativas,/about-cancer/treatment/drugs/vorinostat
/publications/pdq/levels-evidence/supportive-care,/espanol/tipos/vagina
/types/pancreatic/research,/espanol/tipos/colorrectal/pro/deteccion-colorrectal-pdq
/grants-training/training/funding/f99,/research/resources/conducting
/policies,/espanol/tipos/ovario/pro
/about-cancer/treatment/clinical-trials/patient-safety/informed-consent,/about-cancer/treatment/side-effects/sleep-disorders
/about-cancer/treatment/side-effects/sexuality-fertility-women/sexuality-pdq,/about-cancer/treatment/drugs/fda-ponatinibhydrochloride
/espanol/tipos/seno/investigacion,/grants-training/training/funding/k23
/news-events/press-releases/2011/nlstprimarynejm,/about-cancer/treatment/drugs/pomalidomide
/about-cancer/treatment/drugs/gemcitabine-oxaliplatin,/about-cancer/treatment/drugs/palonosetronhydrochloride
/about-nci/leadership/previous,/about-cancer/treatment/drugs/filgrastim
/about-cancer/treatment/clinical-trials/what-are-trials/placebo,/publications/pdq/levels-evidence/screening-prevention
/research/nci-role/cancer-centers/find/uabccc,/about-cancer/treatment/clinical-trials/search/results
/research/progress/snapshots/nanotechnology,/about-cancer/treatment/side-effects/sexuality-fertility-women
/types/childhood-cancers/pediatric-care-hp-pdq,/espanol/cancer/tratamiento/efectos-secundarios/sexualidad-mujeres/sexualidad-pdq
/about-cancer/treatment/side-effects/sexuality-fertility-men,/about-cancer/treatment/drugs/vismodegib
/about-cancer/treatment/drugs/fda-capecitabine,/espanol/cancer/sobrellevar/adaptacion-al-cancer/comunicacion-pdq
/news-events/cancer-currents-blog/2016/zebrafish-model-cancer-origins,/research/nci-role/cancer-centers/find/uvacc
/about-cancer/treatment/drugs/epirubicinhydrochloride,/publications/patient-education/understanding-chemo
/espanol/tipos/pulmon/pro/deteccion-pulmon-pdq,/about-nci/organization/oar
/types/head-and-neck/hp/oral-prevention-pdq,/research/nci-role/cancer-centers/find/wakeforest
/types/lung/research/lung-map,/news-events/cancer-currents-blog/2015/understanding-precision-medicine
/news-events/press-releases/2013/uronav,/about-cancer/treatment/drugs/mechlorethaminehydrochloride
/espanol/cancer/sobrellevar/imagen-propia,/research/nci-role/cancer-centers/find/hopkinskimmel
/espanol/tipos/seno/pro/tratamiento-seno-embarazo-pdq,/types/colorectal/research/virtual-colonoscopy-results-qa
/espanol/cancer/tratamiento/estudios-clinicos/que-son-estudios/tipos,/espanol/cancer/tratamiento/mca/pro/aromaterapia-pdq
/about-cancer/treatment/drugs/fda-bosutinib,/about-cancer/treatment/drugs/fda-letrozole
/about-cancer/diagnosis-staging/research,/espanol/cancer/sobrellevar/adaptacion-al-cancer/comunicacion-pro-pdq
/research/nci-role/cancer-centers/find/umichiganccc,/research/resources/terminology/ncidictionaries
/espanol/tipos/uterino/pro,/about-cancer/treatment/drugs/fda-bortezomib
/research/key-initiatives/ras/ras-central/events-videos,/espanol/investigacion/progreso/instantaneas/linfoma
/news-events/cancer-currents-blog/2015/pembrolizumab-biomarker,/espanol/investigacion/progreso/instantaneas/prostata
/espanol/cancer/manejo-del-cancer/hoja-informativa-atencion-hogar,/about-cancer/causes-prevention/research/diet-and-cancer
/news-events/cancer-currents-blog/2016/vitamin-d-metastasis,/about-cancer/treatment/drugs/fda-oxaliplatin
/about-cancer/treatment/drugs/abve-pc,/about-cancer/treatment/drugs/fda-imiquimod
/about-cancer/treatment/side-effects/memory/delirium-hp-pdq,/about-cancer/treatment/drugs/recombinant-hpv-quadrivalent-vaccine
/research/nci-role/cancer-centers/find/fredhutchcrc,/news-events/cancer-currents-blog/2016/photoimmunotherapy-cancer
/espanol/cancer/cancer-avanzado/planes,/research/nci-role/cancer-centers/find/iowaholden
/about-cancer/treatment/drugs/fda-doxorubicin-hcl-liposome,/research/nci-role/spotlight/oia
/espanol/tipos/uterino/pro/deteccion-endometrio-pdq,/about-cancer/treatment/drugs/nelarabine
/espanol/cancer/causas-prevencion/riesgo/sustancias/polvo-de-madera,/about-cancer/treatment/drugs/belinostat
/news-events/press-releases/2016/physical-activity-lowers-cancer-risk,/publications/patient-education/young-people
/types/leukemia/research/obinutuzumab-chlorambucil-cll,/news-events/cancer-currents-blog/2015/immunotherapy-cervical
/cancertopics/understandingcancer/nanodevices,/research/nci-role/cancer-centers/find/utswsimmons
/about-cancer/treatment/clinical-trials/paying/federal-programs,/grants-training/other-funding
/about-cancer/treatment/drugs/dinutuximab,/research/nci-role/cancer-centers/find/umdgreenebaum
/research/nci-role/cancer-centers/find/ohsuknight,/about-cancer/treatment/drugs/fda-azacitidine
/news-events/press-releases/2015/report-nation-march-2015-press-release,/types/thyroid/research/low-dose-radiation
/PDF/481f5d53-63df-41bc-bfaf-5aa48ee1da4d/TAAG3.pdf,/about-nci/organization/cgh/about
/espanol/cancer/causas-prevencion/riesgo/tabaco/dejar-fumar-tratamiento-pdq,/news-events/press-releases/2015/tcga-cutaneous-melanoma-mutated-genes
/news-events/cancer-currents-blog/2016/brca-testing-breast-cancer,/about-cancer/causes-prevention/risk/substances/arsenic
/cancertopics/coping/youngpeople/page4,/research/nci-role/cancer-centers/find/georgetownlombardi
/types/vulvar/hp,/research/nci-role/cancer-centers/find/nyuci
/ncicancerbulletin/110111/page5,/about-cancer/screening/research/what-screening-statistics-mean
/about-cancer/treatment/drugs/recombinant-hpv-nonavalent-vaccine,/espanol/cancer/tratamiento/mca/pro/acupuntura-pdq
/types/gi-carcinoid-tumors/hp,/news-events/press-releases/2014/ovariannct01116648asco
/about-cancer/treatment/drugs/fda-palifermin,/about-cancer/treatment/drugs/folfiri-cetuximab
/espanol/cancer/cancer-avanzado/sentimientos,/research/nci-role/cancer-centers/find/nebraska
/research/areas/global-health,/types/brain/research
/about-cancer/treatment/drugs/aprepitant,/types/breast/adjuvant-fact-sheet
/news-events/cancer-currents-blog/2015/hsp90-conjugate-sarcoma,/multimedia/infographics
/about-cancer/treatment/drugs/gemtuzumabozogamicin,/research/nci-role/cancer-centers/find/uclajonsson
/research/nci-role/cancer-centers/find/newmexicocrtc,/news-events/press-releases/2015/tcga_lowergradegliomas
/news-events/press-releases/2014/genomicdatacommonsnewsnote,/about-cancer/treatment/drugs/mitoxantronehydrochloride
/news-events/cancer-currents-blog/2016/missed-radiation-therapy,/types/ovarian/research/hrt-survival
/cancertopics/factsheet/NCI/research-funding,/publications/patient-education/make-a-difference
/about-cancer/treatment/cam/hp/suns-soup-pdq,/research/nci-role/cancer-centers/find/waynestatekarmanos
/cancer_information/cancer_type,/research/nci-role/cancer-centers/find/stanfordci
/types/colorectal/research/folfox-celecoxib,/about-cancer/coping/adjusting-to-cancer/talk-to-children
/about-cancer/treatment/drugs/talc,/types/neuroblastoma/patient/neuroblastoma-screening-pdq
/espanol/cancer/tratamiento/efectos-secundarios/fatiga/fatiga-pro-pdq,/about-cancer/treatment/drugs/fda-ixabepilone
/about-cancer/causes-prevention/risk/substances/mineral-oils,/espanol/cancer/causas-prevencion/riesgo/sustancias/benceno
/news-events/cancer-currents-blog/2015/gut-microbiome,/espanol/tipos/higado/pro/deteccion-higado-pdq
/news-events/press-releases/2015/cellular-factors-shape-3d-landscape-genome,/research/nci-role/cancer-centers/find/uchicagoccc
/news-events/cancer-currents-blog/2015/annual-plan-disparities,/research/key-initiatives/ras/ras-central/blog/ras-proteins-created-equal
/news-events/press-releases/2014/tcgagastric,/research/nci-role/cancer-centers/find/unclineberger
/research/nci-role/cancer-centers/find/northwesternlurie,/espanol/tipos/vejiga/pro/deteccion-vejiga-pdq
/espanol/tipos/cancer-que-regresa,/about-cancer/causes-prevention/risk/substances/soot
/news-events/press-releases/2013/bach2,/espanol/cancer/cancer-avanzado/cuidadores/planificacion/perdida-pro-pdq
/news-events/press-releases/2012/plcoqanda,/types/bladder/research/chemoradiation
/news-events/cancer-currents-blog/2015/fda-osimertinib-necitumumab,/espanol/tipos/seno/opciones-de-cirugia
/about-cancer/causes-prevention/risk/substances/cadmium,/types/breast/research/exemestane-prolongs-survival
/about-nci/overview/medical-decision-making